" "," "
Time,2023-06-03 08:46:40.279869677 +0100 BST m=+0.079405787
Toponame,./config/pi_nodes.csv
RequestFile,./config/sorted.csv
MemCap,1000.000
NodeNum,10
Beta,1.000
SlotNum,30
ReduFactor,10000.000
Token,local
Alpha,0.001
CommCostPara,1.000
Testbed,0
CpuFreq,3.000
" "," "
ID,funcType,commCost,runCost,instanCost,iscold,singlecost
0.00,1.00,0.00,0.17,18.62,1.00,18.78
1.00,1.00,0.00,0.17,18.62,1.00,18.78
2.00,1.00,0.00,0.17,18.62,1.00,18.78
3.00,1.00,0.00,0.17,18.62,1.00,18.78
4.00,1.00,0.00,0.17,18.62,1.00,18.78
5.00,1.00,0.00,0.17,18.62,1.00,18.78
6.00,1.00,0.00,0.17,18.62,1.00,18.78
7.00,1.00,0.00,0.17,18.62,1.00,18.78
8.00,2.00,0.00,0.48,52.98,1.00,53.46
9.00,2.00,0.00,0.48,52.98,1.00,53.46
10.00,2.00,0.00,0.48,52.98,1.00,53.46
11.00,2.00,0.00,0.48,52.98,1.00,53.46
12.00,2.00,0.00,0.48,52.98,1.00,53.46
13.00,2.00,0.00,0.48,52.98,1.00,53.46
14.00,2.00,0.00,0.48,52.98,1.00,53.46
15.00,2.00,0.00,0.48,52.98,1.00,53.46
16.00,2.00,0.00,0.48,52.98,1.00,53.46
8475.00,3.00,0.00,0.99,110.37,1.00,111.36
8478.00,3.00,0.00,0.99,110.37,1.00,111.36
8479.00,3.00,0.00,0.99,110.37,1.00,111.36
8480.00,3.00,0.00,0.99,110.37,1.00,111.36
8481.00,3.00,0.00,0.99,110.37,1.00,111.36
8482.00,3.00,0.00,0.99,110.37,1.00,111.36
15650.00,4.00,0.00,0.28,30.59,1.00,30.87
17.00,2.00,0.00,0.48,0.00,0.00,0.48
18.00,2.00,0.00,0.48,0.00,0.00,0.48
19.00,2.00,1.38,0.48,0.00,0.00,1.86
20.00,2.00,0.00,0.48,52.98,1.00,53.46
21.00,2.00,0.00,0.48,52.98,1.00,53.46
22.00,2.00,0.00,0.48,52.98,1.00,53.46
23.00,2.00,0.00,0.48,52.98,1.00,53.46
24.00,2.00,0.00,0.48,52.98,1.00,53.46
25.00,2.00,0.00,0.48,52.98,1.00,53.46
8483.00,3.00,0.00,0.99,0.00,0.00,0.99
8484.00,3.00,1.38,0.99,0.00,0.00,2.38
8486.00,3.00,0.00,0.99,110.37,1.00,111.36
8487.00,3.00,0.00,0.99,110.37,1.00,111.36
8488.00,3.00,0.00,0.99,110.37,1.00,111.36
8489.00,3.00,0.00,0.99,110.37,1.00,111.36
15651.00,4.00,0.00,0.28,30.59,1.00,30.87
26.00,2.00,0.00,0.48,0.00,0.00,0.48
27.00,2.00,1.38,0.48,0.00,0.00,1.86
28.00,2.00,0.46,0.48,0.00,0.00,0.94
29.00,2.00,0.00,0.48,52.98,1.00,53.46
30.00,2.00,0.00,0.48,52.98,1.00,53.46
31.00,2.00,0.00,0.48,52.98,1.00,53.46
32.00,2.00,0.00,0.48,52.98,1.00,53.46
33.00,2.00,0.00,0.48,52.98,1.00,53.46
34.00,2.00,0.00,0.48,52.98,1.00,53.46
8490.00,3.00,0.00,0.99,0.00,0.00,0.99
8491.00,3.00,1.50,0.99,0.00,0.00,2.50
8495.00,3.00,0.00,0.99,110.37,1.00,111.36
8496.00,3.00,0.00,0.99,110.37,1.00,111.36
15654.00,4.00,0.00,0.28,0.00,0.00,0.28
15656.00,4.00,0.00,0.28,30.59,1.00,30.87
35.00,2.00,0.00,0.48,0.00,0.00,0.48
36.00,2.00,1.38,0.48,0.00,0.00,1.86
37.00,2.00,0.46,0.48,0.00,0.00,0.94
40.00,2.00,0.00,0.48,52.98,1.00,53.46
41.00,2.00,0.00,0.48,52.98,1.00,53.46
42.00,2.00,0.00,0.48,52.98,1.00,53.46
43.00,2.00,0.00,0.48,52.98,1.00,53.46
8497.00,3.00,0.00,0.99,0.00,0.00,0.99
8498.00,3.00,1.50,0.99,0.00,0.00,2.50
8502.00,3.00,0.00,0.99,110.37,1.00,111.36
8503.00,3.00,0.00,0.99,110.37,1.00,111.36
15657.00,4.00,0.00,0.28,0.00,0.00,0.28
44.00,2.00,0.00,0.48,0.00,0.00,0.48
45.00,2.00,1.38,0.48,0.00,0.00,1.86
46.00,2.00,0.00,0.48,52.98,1.00,53.46
51.00,2.00,0.00,0.48,52.98,1.00,53.46
52.00,2.00,0.00,0.48,52.98,1.00,53.46
8504.00,3.00,1.50,0.99,0.00,0.00,2.50
15660.00,4.00,0.00,0.28,30.59,1.00,30.87
53.00,2.00,0.00,0.48,0.00,0.00,0.48
54.00,2.00,1.38,0.48,0.00,0.00,1.86
55.00,2.00,0.00,0.48,52.98,1.00,53.46
60.00,2.00,0.00,0.48,52.98,1.00,53.46
61.00,2.00,0.00,0.48,52.98,1.00,53.46
8511.00,3.00,1.50,0.99,0.00,0.00,2.50
15663.00,4.00,0.00,0.28,30.59,1.00,30.87
62.00,2.00,0.00,0.48,0.00,0.00,0.48
63.00,2.00,1.38,0.48,0.00,0.00,1.86
8518.00,3.00,1.50,0.99,0.00,0.00,2.50
15666.00,4.00,0.00,0.28,30.59,1.00,30.87
71.00,2.00,0.00,0.48,0.00,0.00,0.48
72.00,2.00,1.38,0.48,0.00,0.00,1.86
78.00,2.00,0.00,0.48,52.98,1.00,53.46
81.00,2.00,0.00,0.48,52.98,1.00,53.46
8525.00,3.00,1.04,0.99,0.00,0.00,2.03
15669.00,4.00,0.00,0.28,30.59,1.00,30.87
82.00,2.00,0.00,0.48,0.00,0.00,0.48
83.00,2.00,1.50,0.48,0.00,0.00,1.98
8532.00,3.00,1.04,0.99,0.00,0.00,2.03
15672.00,4.00,0.00,0.28,30.59,1.00,30.87
91.00,2.00,0.00,0.48,0.00,0.00,0.48
92.00,2.00,1.50,0.48,0.00,0.00,1.98
98.00,2.00,0.00,0.48,52.98,1.00,53.46
101.00,2.00,0.00,0.48,52.98,1.00,53.46
8539.00,3.00,1.04,0.99,0.00,0.00,2.03
15675.00,4.00,0.00,0.28,30.59,1.00,30.87
102.00,2.00,0.00,0.48,0.00,0.00,0.48
103.00,2.00,1.50,0.48,0.00,0.00,1.98
8546.00,3.00,1.04,0.99,0.00,0.00,2.03
15678.00,4.00,0.00,0.28,30.59,1.00,30.87
111.00,2.00,0.00,0.48,0.00,0.00,0.48
112.00,2.00,1.50,0.48,0.00,0.00,1.98
8553.00,3.00,1.04,0.99,0.00,0.00,2.03
15681.00,4.00,0.00,0.28,30.59,1.00,30.87
120.00,2.00,0.00,0.48,0.00,0.00,0.48
121.00,2.00,1.50,0.48,0.00,0.00,1.98
8560.00,3.00,1.04,0.99,0.00,0.00,2.03
15684.00,4.00,0.00,0.28,30.59,1.00,30.87
129.00,2.00,0.00,0.48,0.00,0.00,0.48
130.00,2.00,1.50,0.48,0.00,0.00,1.98
8567.00,3.00,1.04,0.99,0.00,0.00,2.03
15687.00,4.00,0.00,0.28,30.59,1.00,30.87
138.00,2.00,0.00,0.48,0.00,0.00,0.48
139.00,2.00,1.50,0.48,0.00,0.00,1.98
8574.00,3.00,1.04,0.99,0.00,0.00,2.03
15690.00,4.00,0.00,0.28,30.59,1.00,30.87
147.00,2.00,0.00,0.48,0.00,0.00,0.48
148.00,2.00,1.50,0.48,0.00,0.00,1.98
8581.00,3.00,1.04,0.99,0.00,0.00,2.03
15693.00,4.00,0.00,0.28,30.59,1.00,30.87
156.00,2.00,0.00,0.48,0.00,0.00,0.48
157.00,2.00,1.50,0.48,0.00,0.00,1.98
8588.00,3.00,1.04,0.99,0.00,0.00,2.03
15696.00,4.00,0.00,0.28,30.59,1.00,30.87
165.00,2.00,0.00,0.48,0.00,0.00,0.48
166.00,2.00,1.50,0.48,0.00,0.00,1.98
8595.00,3.00,1.04,0.99,0.00,0.00,2.03
15699.00,4.00,0.00,0.28,30.59,1.00,30.87
174.00,2.00,0.00,0.48,0.00,0.00,0.48
175.00,2.00,1.50,0.48,0.00,0.00,1.98
8602.00,3.00,1.04,0.99,0.00,0.00,2.03
15702.00,4.00,0.00,0.28,30.59,1.00,30.87
183.00,2.00,0.00,0.48,0.00,0.00,0.48
184.00,2.00,1.50,0.48,0.00,0.00,1.98
8609.00,3.00,1.04,0.99,0.00,0.00,2.03
15704.00,4.00,0.00,0.28,30.59,1.00,30.87
192.00,2.00,0.00,0.48,0.00,0.00,0.48
193.00,2.00,1.50,0.48,0.00,0.00,1.98
8616.00,3.00,1.04,0.99,0.00,0.00,2.03
15707.00,4.00,0.00,0.28,30.59,1.00,30.87
201.00,2.00,0.00,0.48,0.00,0.00,0.48
202.00,2.00,1.50,0.48,0.00,0.00,1.98
8623.00,3.00,1.04,0.99,0.00,0.00,2.03
15710.00,4.00,0.00,0.28,30.59,1.00,30.87
210.00,2.00,0.00,0.48,0.00,0.00,0.48
211.00,2.00,1.50,0.48,0.00,0.00,1.98
8630.00,3.00,1.04,0.99,0.00,0.00,2.03
15713.00,4.00,0.00,0.28,30.59,1.00,30.87
219.00,2.00,0.00,0.48,0.00,0.00,0.48
220.00,2.00,1.50,0.48,0.00,0.00,1.98
8637.00,3.00,1.04,0.99,0.00,0.00,2.03
15716.00,4.00,0.00,0.28,30.59,1.00,30.87
228.00,2.00,0.00,0.48,0.00,0.00,0.48
229.00,2.00,1.50,0.48,0.00,0.00,1.98
8644.00,3.00,1.04,0.99,0.00,0.00,2.03
15719.00,4.00,0.00,0.28,30.59,1.00,30.87
237.00,2.00,0.00,0.48,0.00,0.00,0.48
238.00,2.00,1.50,0.48,0.00,0.00,1.98
8651.00,3.00,1.04,0.99,0.00,0.00,2.03
15722.00,4.00,0.00,0.28,30.59,1.00,30.87
246.00,2.00,0.00,0.48,0.00,0.00,0.48
247.00,2.00,1.50,0.48,0.00,0.00,1.98
8658.00,3.00,1.04,0.99,0.00,0.00,2.03
15725.00,4.00,0.00,0.28,30.59,1.00,30.87
255.00,2.00,0.00,0.48,0.00,0.00,0.48
256.00,2.00,1.50,0.48,0.00,0.00,1.98
8665.00,3.00,1.04,0.99,0.00,0.00,2.03
15728.00,4.00,0.00,0.28,30.59,1.00,30.87
264.00,2.00,0.00,0.48,0.00,0.00,0.48
265.00,2.00,1.50,0.48,0.00,0.00,1.98
8672.00,3.00,1.04,0.99,0.00,0.00,2.03
15731.00,4.00,0.00,0.28,30.59,1.00,30.87
273.00,2.00,0.00,0.48,0.00,0.00,0.48
274.00,2.00,1.50,0.48,0.00,0.00,1.98
8679.00,3.00,1.04,0.99,0.00,0.00,2.03
15734.00,4.00,0.00,0.28,30.59,1.00,30.87
coldnum,servednum,totalnum,coldfreq,commcost,instancost,latencycost,runcost,avgcost
86.00,181.00,581.00,0.48,0.42,24.51,24.93,0.56,25.49
" "," "
Time,2023-06-03 08:46:45.077949485 +0100 BST m=+0.132061632
Toponame,./config/pi_nodes.csv
RequestFile,./config/sorted.csv
MemCap,1000.000
NodeNum,10
Beta,1.000
SlotNum,30
ReduFactor,10000.000
Token,local
Alpha,0.005
CommCostPara,1.000
Testbed,0
CpuFreq,3.000
" "," "
ID,funcType,commCost,runCost,instanCost,iscold,singlecost
0.00,1.00,0.00,0.84,18.62,1.00,19.45
1.00,1.00,0.00,0.84,18.62,1.00,19.45
2.00,1.00,0.00,0.84,18.62,1.00,19.45
3.00,1.00,0.00,0.84,18.62,1.00,19.45
4.00,1.00,0.00,0.84,18.62,1.00,19.45
5.00,1.00,0.00,0.84,18.62,1.00,19.45
6.00,1.00,0.00,0.84,18.62,1.00,19.45
7.00,1.00,0.00,0.84,18.62,1.00,19.45
8.00,2.00,0.00,2.38,52.98,1.00,55.36
9.00,2.00,0.00,2.38,52.98,1.00,55.36
10.00,2.00,0.00,2.38,52.98,1.00,55.36
11.00,2.00,0.00,2.38,52.98,1.00,55.36
12.00,2.00,0.00,2.38,52.98,1.00,55.36
13.00,2.00,0.00,2.38,52.98,1.00,55.36
14.00,2.00,0.00,2.38,52.98,1.00,55.36
15.00,2.00,0.00,2.38,52.98,1.00,55.36
16.00,2.00,0.00,2.38,52.98,1.00,55.36
8475.00,3.00,0.00,4.97,110.37,1.00,115.34
8478.00,3.00,0.00,4.97,110.37,1.00,115.34
8479.00,3.00,0.00,4.97,110.37,1.00,115.34
8480.00,3.00,0.00,4.97,110.37,1.00,115.34
8481.00,3.00,0.00,4.97,110.37,1.00,115.34
8482.00,3.00,0.00,4.97,110.37,1.00,115.34
15650.00,4.00,0.00,1.38,30.59,1.00,31.97
17.00,2.00,0.00,2.38,0.00,0.00,2.38
18.00,2.00,0.00,2.38,0.00,0.00,2.38
19.00,2.00,1.38,2.38,0.00,0.00,3.77
20.00,2.00,0.00,2.38,52.98,1.00,55.36
21.00,2.00,0.00,2.38,52.98,1.00,55.36
22.00,2.00,0.00,2.38,52.98,1.00,55.36
23.00,2.00,0.00,2.38,52.98,1.00,55.36
24.00,2.00,0.00,2.38,52.98,1.00,55.36
25.00,2.00,0.00,2.38,52.98,1.00,55.36
8483.00,3.00,0.00,4.97,0.00,0.00,4.97
8484.00,3.00,1.38,4.97,0.00,0.00,6.35
8485.00,3.00,0.00,4.97,110.37,1.00,115.34
8486.00,3.00,0.00,4.97,110.37,1.00,115.34
8487.00,3.00,0.00,4.97,110.37,1.00,115.34
8488.00,3.00,0.00,4.97,110.37,1.00,115.34
8489.00,3.00,0.00,4.97,110.37,1.00,115.34
15651.00,4.00,0.00,1.38,30.59,1.00,31.97
26.00,2.00,0.00,2.38,0.00,0.00,2.38
27.00,2.00,1.38,2.38,0.00,0.00,3.77
28.00,2.00,0.46,2.38,0.00,0.00,2.85
29.00,2.00,0.00,2.38,52.98,1.00,55.36
30.00,2.00,0.00,2.38,52.98,1.00,55.36
31.00,2.00,0.00,2.38,52.98,1.00,55.36
32.00,2.00,0.00,2.38,52.98,1.00,55.36
33.00,2.00,0.00,2.38,52.98,1.00,55.36
34.00,2.00,0.00,2.38,52.98,1.00,55.36
8490.00,3.00,0.00,4.97,0.00,0.00,4.97
8491.00,3.00,1.50,4.97,0.00,0.00,6.47
8495.00,3.00,0.00,4.97,110.37,1.00,115.34
8496.00,3.00,0.00,4.97,110.37,1.00,115.34
15654.00,4.00,0.00,1.38,0.00,0.00,1.38
15656.00,4.00,0.00,1.38,30.59,1.00,31.97
35.00,2.00,0.00,2.38,0.00,0.00,2.38
36.00,2.00,1.38,2.38,0.00,0.00,3.77
37.00,2.00,0.46,2.38,0.00,0.00,2.85
40.00,2.00,0.00,2.38,52.98,1.00,55.36
41.00,2.00,0.00,2.38,52.98,1.00,55.36
42.00,2.00,0.00,2.38,52.98,1.00,55.36
43.00,2.00,0.00,2.38,52.98,1.00,55.36
8497.00,3.00,0.00,4.97,0.00,0.00,4.97
8498.00,3.00,1.50,4.97,0.00,0.00,6.47
8502.00,3.00,0.00,4.97,110.37,1.00,115.34
8503.00,3.00,0.00,4.97,110.37,1.00,115.34
15657.00,4.00,0.00,1.38,0.00,0.00,1.38
44.00,2.00,0.00,2.38,0.00,0.00,2.38
45.00,2.00,1.38,2.38,0.00,0.00,3.77
46.00,2.00,0.00,2.38,52.98,1.00,55.36
51.00,2.00,0.00,2.38,52.98,1.00,55.36
52.00,2.00,0.00,2.38,52.98,1.00,55.36
8504.00,3.00,1.50,4.97,0.00,0.00,6.47
15660.00,4.00,0.00,1.38,30.59,1.00,31.97
53.00,2.00,0.00,2.38,0.00,0.00,2.38
54.00,2.00,1.38,2.38,0.00,0.00,3.77
55.00,2.00,0.00,2.38,52.98,1.00,55.36
60.00,2.00,0.00,2.38,52.98,1.00,55.36
61.00,2.00,0.00,2.38,52.98,1.00,55.36
8511.00,3.00,1.50,4.97,0.00,0.00,6.47
15663.00,4.00,0.00,1.38,30.59,1.00,31.97
62.00,2.00,0.00,2.38,0.00,0.00,2.38
63.00,2.00,1.38,2.38,0.00,0.00,3.77
8518.00,3.00,1.50,4.97,0.00,0.00,6.47
15666.00,4.00,0.00,1.38,30.59,1.00,31.97
71.00,2.00,0.00,2.38,0.00,0.00,2.38
72.00,2.00,1.38,2.38,0.00,0.00,3.77
78.00,2.00,0.00,2.38,52.98,1.00,55.36
81.00,2.00,0.00,2.38,52.98,1.00,55.36
8525.00,3.00,1.04,4.97,0.00,0.00,6.00
15669.00,4.00,0.00,1.38,30.59,1.00,31.97
82.00,2.00,0.00,2.38,0.00,0.00,2.38
83.00,2.00,1.50,2.38,0.00,0.00,3.89
8532.00,3.00,1.04,4.97,0.00,0.00,6.00
15672.00,4.00,0.00,1.38,30.59,1.00,31.97
91.00,2.00,0.00,2.38,0.00,0.00,2.38
92.00,2.00,1.50,2.38,0.00,0.00,3.89
98.00,2.00,0.00,2.38,52.98,1.00,55.36
101.00,2.00,0.00,2.38,52.98,1.00,55.36
8539.00,3.00,1.04,4.97,0.00,0.00,6.00
15675.00,4.00,0.00,1.38,30.59,1.00,31.97
102.00,2.00,0.00,2.38,0.00,0.00,2.38
103.00,2.00,1.50,2.38,0.00,0.00,3.89
8546.00,3.00,1.04,4.97,0.00,0.00,6.00
15678.00,4.00,0.00,1.38,30.59,1.00,31.97
111.00,2.00,0.00,2.38,0.00,0.00,2.38
112.00,2.00,1.50,2.38,0.00,0.00,3.89
8553.00,3.00,1.04,4.97,0.00,0.00,6.00
15681.00,4.00,0.00,1.38,30.59,1.00,31.97
120.00,2.00,0.00,2.38,0.00,0.00,2.38
121.00,2.00,1.50,2.38,0.00,0.00,3.89
8560.00,3.00,1.04,4.97,0.00,0.00,6.00
15684.00,4.00,0.00,1.38,30.59,1.00,31.97
129.00,2.00,0.00,2.38,0.00,0.00,2.38
130.00,2.00,1.50,2.38,0.00,0.00,3.89
8567.00,3.00,1.04,4.97,0.00,0.00,6.00
15687.00,4.00,0.00,1.38,30.59,1.00,31.97
138.00,2.00,0.00,2.38,0.00,0.00,2.38
139.00,2.00,1.50,2.38,0.00,0.00,3.89
8574.00,3.00,1.04,4.97,0.00,0.00,6.00
15690.00,4.00,0.00,1.38,30.59,1.00,31.97
147.00,2.00,0.00,2.38,0.00,0.00,2.38
148.00,2.00,1.50,2.38,0.00,0.00,3.89
8581.00,3.00,1.04,4.97,0.00,0.00,6.00
15693.00,4.00,0.00,1.38,30.59,1.00,31.97
156.00,2.00,0.00,2.38,0.00,0.00,2.38
157.00,2.00,1.50,2.38,0.00,0.00,3.89
8588.00,3.00,1.04,4.97,0.00,0.00,6.00
15696.00,4.00,0.00,1.38,30.59,1.00,31.97
165.00,2.00,0.00,2.38,0.00,0.00,2.38
166.00,2.00,1.50,2.38,0.00,0.00,3.89
8595.00,3.00,1.04,4.97,0.00,0.00,6.00
15699.00,4.00,0.00,1.38,30.59,1.00,31.97
174.00,2.00,0.00,2.38,0.00,0.00,2.38
175.00,2.00,1.50,2.38,0.00,0.00,3.89
8602.00,3.00,1.04,4.97,0.00,0.00,6.00
15702.00,4.00,0.00,1.38,30.59,1.00,31.97
183.00,2.00,0.00,2.38,0.00,0.00,2.38
184.00,2.00,1.50,2.38,0.00,0.00,3.89
8609.00,3.00,1.04,4.97,0.00,0.00,6.00
15704.00,4.00,0.00,1.38,30.59,1.00,31.97
192.00,2.00,0.00,2.38,0.00,0.00,2.38
193.00,2.00,1.50,2.38,0.00,0.00,3.89
8616.00,3.00,1.04,4.97,0.00,0.00,6.00
15707.00,4.00,0.00,1.38,30.59,1.00,31.97
201.00,2.00,0.00,2.38,0.00,0.00,2.38
202.00,2.00,1.50,2.38,0.00,0.00,3.89
8623.00,3.00,1.04,4.97,0.00,0.00,6.00
15710.00,4.00,0.00,1.38,30.59,1.00,31.97
210.00,2.00,0.00,2.38,0.00,0.00,2.38
211.00,2.00,1.50,2.38,0.00,0.00,3.89
8630.00,3.00,1.04,4.97,0.00,0.00,6.00
15713.00,4.00,0.00,1.38,30.59,1.00,31.97
219.00,2.00,0.00,2.38,0.00,0.00,2.38
220.00,2.00,1.50,2.38,0.00,0.00,3.89
8637.00,3.00,1.04,4.97,0.00,0.00,6.00
15716.00,4.00,0.00,1.38,30.59,1.00,31.97
228.00,2.00,0.00,2.38,0.00,0.00,2.38
229.00,2.00,1.50,2.38,0.00,0.00,3.89
8644.00,3.00,1.04,4.97,0.00,0.00,6.00
15719.00,4.00,0.00,1.38,30.59,1.00,31.97
237.00,2.00,0.00,2.38,0.00,0.00,2.38
238.00,2.00,1.50,2.38,0.00,0.00,3.89
8651.00,3.00,1.04,4.97,0.00,0.00,6.00
15722.00,4.00,0.00,1.38,30.59,1.00,31.97
246.00,2.00,0.00,2.38,0.00,0.00,2.38
247.00,2.00,1.50,2.38,0.00,0.00,3.89
8658.00,3.00,1.04,4.97,0.00,0.00,6.00
15725.00,4.00,0.00,1.38,30.59,1.00,31.97
255.00,2.00,0.00,2.38,0.00,0.00,2.38
256.00,2.00,1.50,2.38,0.00,0.00,3.89
8665.00,3.00,1.04,4.97,0.00,0.00,6.00
15728.00,4.00,0.00,1.38,30.59,1.00,31.97
264.00,2.00,0.00,2.38,0.00,0.00,2.38
265.00,2.00,1.50,2.38,0.00,0.00,3.89
8672.00,3.00,1.04,4.97,0.00,0.00,6.00
15731.00,4.00,0.00,1.38,30.59,1.00,31.97
273.00,2.00,0.00,2.38,0.00,0.00,2.38
274.00,2.00,1.50,2.38,0.00,0.00,3.89
8679.00,3.00,1.04,4.97,0.00,0.00,6.00
15734.00,4.00,0.00,1.38,30.59,1.00,31.97
coldnum,servednum,totalnum,coldfreq,commcost,instancost,latencycost,runcost,avgcost
87.00,182.00,581.00,0.48,0.42,24.98,25.40,2.81,28.21
" "," "
Time,2023-06-03 08:46:50.365661768 +0100 BST m=+0.154527392
Toponame,./config/pi_nodes.csv
RequestFile,./config/sorted.csv
MemCap,1000.000
NodeNum,10
Beta,1.000
SlotNum,30
ReduFactor,10000.000
Token,local
Alpha,0.010
CommCostPara,1.000
Testbed,0
CpuFreq,3.000
" "," "
ID,funcType,commCost,runCost,instanCost,iscold,singlecost
0.00,1.00,0.00,1.68,18.62,1.00,20.29
1.00,1.00,0.00,1.68,18.62,1.00,20.29
2.00,1.00,0.00,1.68,18.62,1.00,20.29
3.00,1.00,0.00,1.68,18.62,1.00,20.29
4.00,1.00,0.00,1.68,18.62,1.00,20.29
5.00,1.00,0.00,1.68,18.62,1.00,20.29
6.00,1.00,0.00,1.68,18.62,1.00,20.29
7.00,1.00,0.00,1.68,18.62,1.00,20.29
8.00,2.00,0.00,4.77,52.98,1.00,57.75
9.00,2.00,0.00,4.77,52.98,1.00,57.75
10.00,2.00,0.00,4.77,52.98,1.00,57.75
11.00,2.00,0.00,4.77,52.98,1.00,57.75
12.00,2.00,0.00,4.77,52.98,1.00,57.75
13.00,2.00,0.00,4.77,52.98,1.00,57.75
14.00,2.00,0.00,4.77,52.98,1.00,57.75
15.00,2.00,0.00,4.77,52.98,1.00,57.75
16.00,2.00,0.00,4.77,52.98,1.00,57.75
8475.00,3.00,0.00,9.93,110.37,1.00,120.30
8478.00,3.00,0.00,9.93,110.37,1.00,120.30
8479.00,3.00,0.00,9.93,110.37,1.00,120.30
8480.00,3.00,0.00,9.93,110.37,1.00,120.30
8481.00,3.00,0.00,9.93,110.37,1.00,120.30
8482.00,3.00,0.00,9.93,110.37,1.00,120.30
15650.00,4.00,0.00,2.75,30.59,1.00,33.34
17.00,2.00,0.00,4.77,0.00,0.00,4.77
18.00,2.00,0.00,4.77,0.00,0.00,4.77
19.00,2.00,1.38,4.77,0.00,0.00,6.15
20.00,2.00,0.00,4.77,52.98,1.00,57.75
21.00,2.00,0.00,4.77,52.98,1.00,57.75
22.00,2.00,0.00,4.77,52.98,1.00,57.75
23.00,2.00,0.00,4.77,52.98,1.00,57.75
24.00,2.00,0.00,4.77,52.98,1.00,57.75
25.00,2.00,0.00,4.77,52.98,1.00,57.75
8483.00,3.00,0.00,9.93,0.00,0.00,9.93
8484.00,3.00,1.38,9.93,0.00,0.00,11.32
8486.00,3.00,0.00,9.93,110.37,1.00,120.30
8487.00,3.00,0.00,9.93,110.37,1.00,120.30
8488.00,3.00,0.00,9.93,110.37,1.00,120.30
8489.00,3.00,0.00,9.93,110.37,1.00,120.30
15651.00,4.00,0.00,2.75,30.59,1.00,33.34
26.00,2.00,0.00,4.77,0.00,0.00,4.77
27.00,2.00,1.38,4.77,0.00,0.00,6.15
28.00,2.00,0.46,4.77,0.00,0.00,5.23
29.00,2.00,0.00,4.77,52.98,1.00,57.75
30.00,2.00,0.00,4.77,52.98,1.00,57.75
31.00,2.00,0.00,4.77,52.98,1.00,57.75
32.00,2.00,0.00,4.77,52.98,1.00,57.75
33.00,2.00,0.00,4.77,52.98,1.00,57.75
34.00,2.00,0.00,4.77,52.98,1.00,57.75
8490.00,3.00,0.00,9.93,0.00,0.00,9.93
8491.00,3.00,1.50,9.93,0.00,0.00,11.44
8495.00,3.00,0.00,9.93,110.37,1.00,120.30
8496.00,3.00,0.00,9.93,110.37,1.00,120.30
15654.00,4.00,0.00,2.75,0.00,0.00,2.75
15656.00,4.00,0.00,2.75,30.59,1.00,33.34
35.00,2.00,0.00,4.77,0.00,0.00,4.77
36.00,2.00,1.38,4.77,0.00,0.00,6.15
37.00,2.00,0.46,4.77,0.00,0.00,5.23
40.00,2.00,0.00,4.77,52.98,1.00,57.75
41.00,2.00,0.00,4.77,52.98,1.00,57.75
42.00,2.00,0.00,4.77,52.98,1.00,57.75
43.00,2.00,0.00,4.77,52.98,1.00,57.75
8497.00,3.00,0.00,9.93,0.00,0.00,9.93
8498.00,3.00,1.50,9.93,0.00,0.00,11.44
8502.00,3.00,0.00,9.93,110.37,1.00,120.30
8503.00,3.00,0.00,9.93,110.37,1.00,120.30
15657.00,4.00,0.00,2.75,0.00,0.00,2.75
44.00,2.00,0.00,4.77,0.00,0.00,4.77
45.00,2.00,1.38,4.77,0.00,0.00,6.15
46.00,2.00,0.00,4.77,52.98,1.00,57.75
51.00,2.00,0.00,4.77,52.98,1.00,57.75
52.00,2.00,0.00,4.77,52.98,1.00,57.75
8504.00,3.00,1.50,9.93,0.00,0.00,11.44
15660.00,4.00,0.00,2.75,30.59,1.00,33.34
53.00,2.00,0.00,4.77,0.00,0.00,4.77
54.00,2.00,1.38,4.77,0.00,0.00,6.15
55.00,2.00,0.00,4.77,52.98,1.00,57.75
60.00,2.00,0.00,4.77,52.98,1.00,57.75
61.00,2.00,0.00,4.77,52.98,1.00,57.75
8511.00,3.00,1.50,9.93,0.00,0.00,11.44
15663.00,4.00,0.00,2.75,30.59,1.00,33.34
62.00,2.00,0.00,4.77,0.00,0.00,4.77
63.00,2.00,1.38,4.77,0.00,0.00,6.15
8518.00,3.00,1.50,9.93,0.00,0.00,11.44
15666.00,4.00,0.00,2.75,30.59,1.00,33.34
71.00,2.00,0.00,4.77,0.00,0.00,4.77
72.00,2.00,1.38,4.77,0.00,0.00,6.15
78.00,2.00,0.00,4.77,52.98,1.00,57.75
81.00,2.00,0.00,4.77,52.98,1.00,57.75
8525.00,3.00,1.04,9.93,0.00,0.00,10.97
15669.00,4.00,0.00,2.75,30.59,1.00,33.34
82.00,2.00,0.00,4.77,0.00,0.00,4.77
83.00,2.00,1.50,4.77,0.00,0.00,6.27
8532.00,3.00,1.04,9.93,0.00,0.00,10.97
15672.00,4.00,0.00,2.75,30.59,1.00,33.34
91.00,2.00,0.00,4.77,0.00,0.00,4.77
92.00,2.00,1.50,4.77,0.00,0.00,6.27
98.00,2.00,0.00,4.77,52.98,1.00,57.75
101.00,2.00,0.00,4.77,52.98,1.00,57.75
8539.00,3.00,1.04,9.93,0.00,0.00,10.97
15675.00,4.00,0.00,2.75,30.59,1.00,33.34
102.00,2.00,0.00,4.77,0.00,0.00,4.77
103.00,2.00,1.50,4.77,0.00,0.00,6.27
8546.00,3.00,1.04,9.93,0.00,0.00,10.97
15678.00,4.00,0.00,2.75,30.59,1.00,33.34
111.00,2.00,0.00,4.77,0.00,0.00,4.77
112.00,2.00,1.50,4.77,0.00,0.00,6.27
8553.00,3.00,1.04,9.93,0.00,0.00,10.97
15681.00,4.00,0.00,2.75,30.59,1.00,33.34
120.00,2.00,0.00,4.77,0.00,0.00,4.77
121.00,2.00,1.50,4.77,0.00,0.00,6.27
8560.00,3.00,1.04,9.93,0.00,0.00,10.97
15684.00,4.00,0.00,2.75,30.59,1.00,33.34
129.00,2.00,0.00,4.77,0.00,0.00,4.77
130.00,2.00,1.50,4.77,0.00,0.00,6.27
8567.00,3.00,1.04,9.93,0.00,0.00,10.97
15687.00,4.00,0.00,2.75,30.59,1.00,33.34
138.00,2.00,0.00,4.77,0.00,0.00,4.77
139.00,2.00,1.50,4.77,0.00,0.00,6.27
8574.00,3.00,1.04,9.93,0.00,0.00,10.97
15690.00,4.00,0.00,2.75,30.59,1.00,33.34
147.00,2.00,0.00,4.77,0.00,0.00,4.77
148.00,2.00,1.50,4.77,0.00,0.00,6.27
8581.00,3.00,1.04,9.93,0.00,0.00,10.97
15693.00,4.00,0.00,2.75,30.59,1.00,33.34
156.00,2.00,0.00,4.77,0.00,0.00,4.77
157.00,2.00,1.50,4.77,0.00,0.00,6.27
8588.00,3.00,1.04,9.93,0.00,0.00,10.97
15696.00,4.00,0.00,2.75,30.59,1.00,33.34
165.00,2.00,0.00,4.77,0.00,0.00,4.77
166.00,2.00,1.50,4.77,0.00,0.00,6.27
8595.00,3.00,1.04,9.93,0.00,0.00,10.97
15699.00,4.00,0.00,2.75,30.59,1.00,33.34
174.00,2.00,0.00,4.77,0.00,0.00,4.77
175.00,2.00,1.50,4.77,0.00,0.00,6.27
8602.00,3.00,1.04,9.93,0.00,0.00,10.97
15702.00,4.00,0.00,2.75,30.59,1.00,33.34
183.00,2.00,0.00,4.77,0.00,0.00,4.77
184.00,2.00,1.50,4.77,0.00,0.00,6.27
8609.00,3.00,1.04,9.93,0.00,0.00,10.97
15704.00,4.00,0.00,2.75,30.59,1.00,33.34
192.00,2.00,0.00,4.77,0.00,0.00,4.77
193.00,2.00,1.50,4.77,0.00,0.00,6.27
8616.00,3.00,1.04,9.93,0.00,0.00,10.97
15707.00,4.00,0.00,2.75,30.59,1.00,33.34
201.00,2.00,0.00,4.77,0.00,0.00,4.77
202.00,2.00,1.50,4.77,0.00,0.00,6.27
8623.00,3.00,1.04,9.93,0.00,0.00,10.97
15710.00,4.00,0.00,2.75,30.59,1.00,33.34
210.00,2.00,0.00,4.77,0.00,0.00,4.77
211.00,2.00,1.50,4.77,0.00,0.00,6.27
8630.00,3.00,1.04,9.93,0.00,0.00,10.97
15713.00,4.00,0.00,2.75,30.59,1.00,33.34
219.00,2.00,0.00,4.77,0.00,0.00,4.77
220.00,2.00,1.50,4.77,0.00,0.00,6.27
8637.00,3.00,1.04,9.93,0.00,0.00,10.97
15716.00,4.00,0.00,2.75,30.59,1.00,33.34
228.00,2.00,0.00,4.77,0.00,0.00,4.77
229.00,2.00,1.50,4.77,0.00,0.00,6.27
8644.00,3.00,1.04,9.93,0.00,0.00,10.97
15719.00,4.00,0.00,2.75,30.59,1.00,33.34
237.00,2.00,0.00,4.77,0.00,0.00,4.77
238.00,2.00,1.50,4.77,0.00,0.00,6.27
8651.00,3.00,1.04,9.93,0.00,0.00,10.97
15722.00,4.00,0.00,2.75,30.59,1.00,33.34
246.00,2.00,0.00,4.77,0.00,0.00,4.77
247.00,2.00,1.50,4.77,0.00,0.00,6.27
8658.00,3.00,1.04,9.93,0.00,0.00,10.97
15725.00,4.00,0.00,2.75,30.59,1.00,33.34
255.00,2.00,0.00,4.77,0.00,0.00,4.77
256.00,2.00,1.50,4.77,0.00,0.00,6.27
8665.00,3.00,1.04,9.93,0.00,0.00,10.97
15728.00,4.00,0.00,2.75,30.59,1.00,33.34
264.00,2.00,0.00,4.77,0.00,0.00,4.77
265.00,2.00,1.50,4.77,0.00,0.00,6.27
8672.00,3.00,1.04,9.93,0.00,0.00,10.97
15731.00,4.00,0.00,2.75,30.59,1.00,33.34
273.00,2.00,0.00,4.77,0.00,0.00,4.77
274.00,2.00,1.50,4.77,0.00,0.00,6.27
8679.00,3.00,1.04,9.93,0.00,0.00,10.97
15734.00,4.00,0.00,2.75,30.59,1.00,33.34
coldnum,servednum,totalnum,coldfreq,commcost,instancost,latencycost,runcost,avgcost
86.00,181.00,581.00,0.48,0.42,24.51,24.93,5.60,30.53
" "," "
Time,2023-06-03 08:46:55.231339851 +0100 BST m=+0.142085145
Toponame,./config/pi_nodes.csv
RequestFile,./config/sorted.csv
MemCap,1000.000
NodeNum,10
Beta,1.000
SlotNum,30
ReduFactor,10000.000
Token,local
Alpha,0.020
CommCostPara,1.000
Testbed,0
CpuFreq,3.000
" "," "
ID,funcType,commCost,runCost,instanCost,iscold,singlecost
0.00,1.00,0.00,3.35,18.62,1.00,21.97
1.00,1.00,0.00,3.35,18.62,1.00,21.97
2.00,1.00,0.00,3.35,18.62,1.00,21.97
3.00,1.00,0.00,3.35,18.62,1.00,21.97
4.00,1.00,0.00,3.35,18.62,1.00,21.97
5.00,1.00,0.00,3.35,18.62,1.00,21.97
6.00,1.00,0.00,3.35,18.62,1.00,21.97
7.00,1.00,0.00,3.35,18.62,1.00,21.97
8.00,2.00,0.00,9.54,52.98,1.00,62.52
9.00,2.00,0.00,9.54,52.98,1.00,62.52
10.00,2.00,0.00,9.54,52.98,1.00,62.52
11.00,2.00,0.00,9.54,52.98,1.00,62.52
12.00,2.00,0.00,9.54,52.98,1.00,62.52
13.00,2.00,0.00,9.54,52.98,1.00,62.52
14.00,2.00,0.00,9.54,52.98,1.00,62.52
15.00,2.00,0.00,9.54,52.98,1.00,62.52
16.00,2.00,0.00,9.54,52.98,1.00,62.52
8475.00,3.00,0.00,19.87,110.37,1.00,130.24
8478.00,3.00,0.00,19.87,110.37,1.00,130.24
8479.00,3.00,0.00,19.87,110.37,1.00,130.24
8480.00,3.00,0.00,19.87,110.37,1.00,130.24
8481.00,3.00,0.00,19.87,110.37,1.00,130.24
8482.00,3.00,0.00,19.87,110.37,1.00,130.24
15650.00,4.00,0.00,5.51,30.59,1.00,36.10
17.00,2.00,0.00,9.54,0.00,0.00,9.54
18.00,2.00,0.00,9.54,0.00,0.00,9.54
19.00,2.00,1.38,9.54,0.00,0.00,10.92
20.00,2.00,0.00,9.54,52.98,1.00,62.52
21.00,2.00,0.00,9.54,52.98,1.00,62.52
22.00,2.00,0.00,9.54,52.98,1.00,62.52
23.00,2.00,0.00,9.54,52.98,1.00,62.52
24.00,2.00,0.00,9.54,52.98,1.00,62.52
25.00,2.00,0.00,9.54,52.98,1.00,62.52
8483.00,3.00,0.00,19.87,0.00,0.00,19.87
8484.00,3.00,1.38,19.87,0.00,0.00,21.25
8486.00,3.00,0.00,19.87,110.37,1.00,130.24
8487.00,3.00,0.00,19.87,110.37,1.00,130.24
8488.00,3.00,0.00,19.87,110.37,1.00,130.24
8489.00,3.00,0.00,19.87,110.37,1.00,130.24
15651.00,4.00,0.00,5.51,30.59,1.00,36.10
26.00,2.00,0.00,9.54,0.00,0.00,9.54
27.00,2.00,1.38,9.54,0.00,0.00,10.92
28.00,2.00,0.46,9.54,0.00,0.00,10.00
29.00,2.00,0.00,9.54,52.98,1.00,62.52
30.00,2.00,0.00,9.54,52.98,1.00,62.52
31.00,2.00,0.00,9.54,52.98,1.00,62.52
32.00,2.00,0.00,9.54,52.98,1.00,62.52
33.00,2.00,0.00,9.54,52.98,1.00,62.52
34.00,2.00,0.00,9.54,52.98,1.00,62.52
8490.00,3.00,0.00,19.87,0.00,0.00,19.87
8491.00,3.00,1.50,19.87,0.00,0.00,21.37
8495.00,3.00,0.00,19.87,110.37,1.00,130.24
8496.00,3.00,0.00,19.87,110.37,1.00,130.24
15654.00,4.00,0.00,5.51,0.00,0.00,5.51
15656.00,4.00,0.00,5.51,30.59,1.00,36.10
35.00,2.00,0.00,9.54,0.00,0.00,9.54
36.00,2.00,1.38,9.54,0.00,0.00,10.92
37.00,2.00,0.46,9.54,0.00,0.00,10.00
40.00,2.00,0.00,9.54,52.98,1.00,62.52
41.00,2.00,0.00,9.54,52.98,1.00,62.52
42.00,2.00,0.00,9.54,52.98,1.00,62.52
43.00,2.00,0.00,9.54,52.98,1.00,62.52
8497.00,3.00,0.00,19.87,0.00,0.00,19.87
8498.00,3.00,1.50,19.87,0.00,0.00,21.37
8502.00,3.00,0.00,19.87,110.37,1.00,130.24
8503.00,3.00,0.00,19.87,110.37,1.00,130.24
15657.00,4.00,0.00,5.51,0.00,0.00,5.51
44.00,2.00,0.00,9.54,0.00,0.00,9.54
45.00,2.00,1.38,9.54,0.00,0.00,10.92
46.00,2.00,0.00,9.54,52.98,1.00,62.52
51.00,2.00,0.00,9.54,52.98,1.00,62.52
52.00,2.00,0.00,9.54,52.98,1.00,62.52
8504.00,3.00,1.50,19.87,0.00,0.00,21.37
15660.00,4.00,0.00,5.51,30.59,1.00,36.10
53.00,2.00,0.00,9.54,0.00,0.00,9.54
54.00,2.00,1.38,9.54,0.00,0.00,10.92
55.00,2.00,0.00,9.54,52.98,1.00,62.52
60.00,2.00,0.00,9.54,52.98,1.00,62.52
61.00,2.00,0.00,9.54,52.98,1.00,62.52
8511.00,3.00,1.50,19.87,0.00,0.00,21.37
15663.00,4.00,0.00,5.51,30.59,1.00,36.10
62.00,2.00,0.00,9.54,0.00,0.00,9.54
63.00,2.00,1.38,9.54,0.00,0.00,10.92
8518.00,3.00,1.50,19.87,0.00,0.00,21.37
15666.00,4.00,0.00,5.51,30.59,1.00,36.10
71.00,2.00,0.00,9.54,0.00,0.00,9.54
72.00,2.00,1.38,9.54,0.00,0.00,10.92
78.00,2.00,0.00,9.54,52.98,1.00,62.52
81.00,2.00,0.00,9.54,52.98,1.00,62.52
8525.00,3.00,1.04,19.87,0.00,0.00,20.90
15669.00,4.00,0.00,5.51,30.59,1.00,36.10
82.00,2.00,0.00,9.54,0.00,0.00,9.54
83.00,2.00,1.50,9.54,0.00,0.00,11.04
8532.00,3.00,1.04,19.87,0.00,0.00,20.90
15672.00,4.00,0.00,5.51,30.59,1.00,36.10
91.00,2.00,0.00,9.54,0.00,0.00,9.54
92.00,2.00,1.50,9.54,0.00,0.00,11.04
98.00,2.00,0.00,9.54,52.98,1.00,62.52
101.00,2.00,0.00,9.54,52.98,1.00,62.52
8539.00,3.00,1.04,19.87,0.00,0.00,20.90
15675.00,4.00,0.00,5.51,30.59,1.00,36.10
102.00,2.00,0.00,9.54,0.00,0.00,9.54
103.00,2.00,1.50,9.54,0.00,0.00,11.04
8546.00,3.00,1.04,19.87,0.00,0.00,20.90
15678.00,4.00,0.00,5.51,30.59,1.00,36.10
111.00,2.00,0.00,9.54,0.00,0.00,9.54
112.00,2.00,1.50,9.54,0.00,0.00,11.04
8553.00,3.00,1.04,19.87,0.00,0.00,20.90
15681.00,4.00,0.00,5.51,30.59,1.00,36.10
120.00,2.00,0.00,9.54,0.00,0.00,9.54
121.00,2.00,1.50,9.54,0.00,0.00,11.04
8560.00,3.00,1.04,19.87,0.00,0.00,20.90
15684.00,4.00,0.00,5.51,30.59,1.00,36.10
129.00,2.00,0.00,9.54,0.00,0.00,9.54
130.00,2.00,1.50,9.54,0.00,0.00,11.04
8567.00,3.00,1.04,19.87,0.00,0.00,20.90
15687.00,4.00,0.00,5.51,30.59,1.00,36.10
138.00,2.00,0.00,9.54,0.00,0.00,9.54
139.00,2.00,1.50,9.54,0.00,0.00,11.04
8574.00,3.00,1.04,19.87,0.00,0.00,20.90
15690.00,4.00,0.00,5.51,30.59,1.00,36.10
147.00,2.00,0.00,9.54,0.00,0.00,9.54
148.00,2.00,1.50,9.54,0.00,0.00,11.04
8581.00,3.00,1.04,19.87,0.00,0.00,20.90
15693.00,4.00,0.00,5.51,30.59,1.00,36.10
156.00,2.00,0.00,9.54,0.00,0.00,9.54
157.00,2.00,1.50,9.54,0.00,0.00,11.04
8588.00,3.00,1.04,19.87,0.00,0.00,20.90
15696.00,4.00,0.00,5.51,30.59,1.00,36.10
165.00,2.00,0.00,9.54,0.00,0.00,9.54
166.00,2.00,1.50,9.54,0.00,0.00,11.04
8595.00,3.00,1.04,19.87,0.00,0.00,20.90
15699.00,4.00,0.00,5.51,30.59,1.00,36.10
174.00,2.00,0.00,9.54,0.00,0.00,9.54
175.00,2.00,1.50,9.54,0.00,0.00,11.04
8602.00,3.00,1.04,19.87,0.00,0.00,20.90
15702.00,4.00,0.00,5.51,30.59,1.00,36.10
183.00,2.00,0.00,9.54,0.00,0.00,9.54
184.00,2.00,1.50,9.54,0.00,0.00,11.04
8609.00,3.00,1.04,19.87,0.00,0.00,20.90
15704.00,4.00,0.00,5.51,30.59,1.00,36.10
192.00,2.00,0.00,9.54,0.00,0.00,9.54
193.00,2.00,1.50,9.54,0.00,0.00,11.04
8616.00,3.00,1.04,19.87,0.00,0.00,20.90
15707.00,4.00,0.00,5.51,30.59,1.00,36.10
201.00,2.00,0.00,9.54,0.00,0.00,9.54
202.00,2.00,1.50,9.54,0.00,0.00,11.04
8623.00,3.00,1.04,19.87,0.00,0.00,20.90
15710.00,4.00,0.00,5.51,30.59,1.00,36.10
210.00,2.00,0.00,9.54,0.00,0.00,9.54
211.00,2.00,1.50,9.54,0.00,0.00,11.04
8630.00,3.00,1.04,19.87,0.00,0.00,20.90
15713.00,4.00,0.00,5.51,30.59,1.00,36.10
219.00,2.00,0.00,9.54,0.00,0.00,9.54
220.00,2.00,1.50,9.54,0.00,0.00,11.04
8637.00,3.00,1.04,19.87,0.00,0.00,20.90
15716.00,4.00,0.00,5.51,30.59,1.00,36.10
228.00,2.00,0.00,9.54,0.00,0.00,9.54
229.00,2.00,1.50,9.54,0.00,0.00,11.04
8644.00,3.00,1.04,19.87,0.00,0.00,20.90
15719.00,4.00,0.00,5.51,30.59,1.00,36.10
237.00,2.00,0.00,9.54,0.00,0.00,9.54
238.00,2.00,1.50,9.54,0.00,0.00,11.04
8651.00,3.00,1.04,19.87,0.00,0.00,20.90
15722.00,4.00,0.00,5.51,30.59,1.00,36.10
246.00,2.00,0.00,9.54,0.00,0.00,9.54
247.00,2.00,1.50,9.54,0.00,0.00,11.04
8658.00,3.00,1.04,19.87,0.00,0.00,20.90
15725.00,4.00,0.00,5.51,30.59,1.00,36.10
255.00,2.00,0.00,9.54,0.00,0.00,9.54
256.00,2.00,1.50,9.54,0.00,0.00,11.04
8665.00,3.00,1.04,19.87,0.00,0.00,20.90
15728.00,4.00,0.00,5.51,30.59,1.00,36.10
264.00,2.00,0.00,9.54,0.00,0.00,9.54
265.00,2.00,1.50,9.54,0.00,0.00,11.04
8672.00,3.00,1.04,19.87,0.00,0.00,20.90
15731.00,4.00,0.00,5.51,30.59,1.00,36.10
273.00,2.00,0.00,9.54,0.00,0.00,9.54
274.00,2.00,1.50,9.54,0.00,0.00,11.04
8679.00,3.00,1.04,19.87,0.00,0.00,20.90
15734.00,4.00,0.00,5.51,30.59,1.00,36.10
coldnum,servednum,totalnum,coldfreq,commcost,instancost,latencycost,runcost,avgcost
86.00,181.00,581.00,0.48,0.42,24.51,24.93,11.20,36.13
" "," "
Time,2023-06-03 08:46:59.476205574 +0100 BST m=+0.075730343
Toponame,./config/pi_nodes.csv
RequestFile,./config/sorted.csv
MemCap,1000.000
NodeNum,10
Beta,1.000
SlotNum,30
ReduFactor,10000.000
Token,local
Alpha,0.030
CommCostPara,1.000
Testbed,0
CpuFreq,3.000
" "," "
ID,funcType,commCost,runCost,instanCost,iscold,singlecost
0.00,1.00,0.00,5.03,18.62,1.00,23.64
1.00,1.00,0.00,5.03,18.62,1.00,23.64
2.00,1.00,0.00,5.03,18.62,1.00,23.64
3.00,1.00,0.00,5.03,18.62,1.00,23.64
4.00,1.00,0.00,5.03,18.62,1.00,23.64
5.00,1.00,0.00,5.03,18.62,1.00,23.64
6.00,1.00,0.00,5.03,18.62,1.00,23.64
7.00,1.00,0.00,5.03,18.62,1.00,23.64
8.00,2.00,0.00,14.30,52.98,1.00,67.28
9.00,2.00,0.00,14.30,52.98,1.00,67.28
10.00,2.00,0.00,14.30,52.98,1.00,67.28
11.00,2.00,0.00,14.30,52.98,1.00,67.28
12.00,2.00,0.00,14.30,52.98,1.00,67.28
13.00,2.00,0.00,14.30,52.98,1.00,67.28
14.00,2.00,0.00,14.30,52.98,1.00,67.28
15.00,2.00,0.00,14.30,52.98,1.00,67.28
16.00,2.00,0.00,14.30,52.98,1.00,67.28
8475.00,3.00,0.00,29.80,110.37,1.00,140.17
8478.00,3.00,0.00,29.80,110.37,1.00,140.17
8479.00,3.00,0.00,29.80,110.37,1.00,140.17
8480.00,3.00,0.00,29.80,110.37,1.00,140.17
8481.00,3.00,0.00,29.80,110.37,1.00,140.17
8482.00,3.00,0.00,29.80,110.37,1.00,140.17
15650.00,4.00,0.00,8.26,30.59,1.00,38.85
17.00,2.00,0.00,14.30,0.00,0.00,14.30
18.00,2.00,0.00,14.30,0.00,0.00,14.30
19.00,2.00,1.38,14.30,0.00,0.00,15.69
20.00,2.00,0.00,14.30,52.98,1.00,67.28
21.00,2.00,0.00,14.30,52.98,1.00,67.28
22.00,2.00,0.00,14.30,52.98,1.00,67.28
23.00,2.00,0.00,14.30,52.98,1.00,67.28
24.00,2.00,0.00,14.30,52.98,1.00,67.28
25.00,2.00,0.00,14.30,52.98,1.00,67.28
8483.00,3.00,0.00,29.80,0.00,0.00,29.80
8484.00,3.00,1.38,29.80,0.00,0.00,31.18
8486.00,3.00,0.00,29.80,110.37,1.00,140.17
8487.00,3.00,0.00,29.80,110.37,1.00,140.17
8488.00,3.00,0.00,29.80,110.37,1.00,140.17
8489.00,3.00,0.00,29.80,110.37,1.00,140.17
15651.00,4.00,0.00,8.26,30.59,1.00,38.85
26.00,2.00,0.00,14.30,0.00,0.00,14.30
27.00,2.00,1.38,14.30,0.00,0.00,15.69
28.00,2.00,0.46,14.30,0.00,0.00,14.77
29.00,2.00,0.00,14.30,52.98,1.00,67.28
30.00,2.00,0.00,14.30,52.98,1.00,67.28
31.00,2.00,0.00,14.30,52.98,1.00,67.28
32.00,2.00,0.00,14.30,52.98,1.00,67.28
33.00,2.00,0.00,14.30,52.98,1.00,67.28
34.00,2.00,0.00,14.30,52.98,1.00,67.28
8490.00,3.00,0.00,29.80,0.00,0.00,29.80
8491.00,3.00,1.50,29.80,0.00,0.00,31.30
8495.00,3.00,0.00,29.80,110.37,1.00,140.17
8496.00,3.00,0.00,29.80,110.37,1.00,140.17
15654.00,4.00,0.00,8.26,0.00,0.00,8.26
15656.00,4.00,0.00,8.26,30.59,1.00,38.85
35.00,2.00,0.00,14.30,0.00,0.00,14.30
36.00,2.00,1.38,14.30,0.00,0.00,15.69
37.00,2.00,0.46,14.30,0.00,0.00,14.77
40.00,2.00,0.00,14.30,52.98,1.00,67.28
41.00,2.00,0.00,14.30,52.98,1.00,67.28
42.00,2.00,0.00,14.30,52.98,1.00,67.28
43.00,2.00,0.00,14.30,52.98,1.00,67.28
8497.00,3.00,0.00,29.80,0.00,0.00,29.80
8498.00,3.00,1.50,29.80,0.00,0.00,31.30
8502.00,3.00,0.00,29.80,110.37,1.00,140.17
8503.00,3.00,0.00,29.80,110.37,1.00,140.17
15657.00,4.00,0.00,8.26,0.00,0.00,8.26
44.00,2.00,0.00,14.30,0.00,0.00,14.30
45.00,2.00,1.38,14.30,0.00,0.00,15.69
46.00,2.00,0.00,14.30,52.98,1.00,67.28
51.00,2.00,0.00,14.30,52.98,1.00,67.28
52.00,2.00,0.00,14.30,52.98,1.00,67.28
8504.00,3.00,1.50,29.80,0.00,0.00,31.30
15660.00,4.00,0.00,8.26,30.59,1.00,38.85
53.00,2.00,0.00,14.30,0.00,0.00,14.30
54.00,2.00,1.38,14.30,0.00,0.00,15.69
55.00,2.00,0.00,14.30,52.98,1.00,67.28
60.00,2.00,0.00,14.30,52.98,1.00,67.28
61.00,2.00,0.00,14.30,52.98,1.00,67.28
8511.00,3.00,1.50,29.80,0.00,0.00,31.30
15663.00,4.00,0.00,8.26,30.59,1.00,38.85
62.00,2.00,0.00,14.30,0.00,0.00,14.30
63.00,2.00,1.38,14.30,0.00,0.00,15.69
8518.00,3.00,1.50,29.80,0.00,0.00,31.30
15666.00,4.00,0.00,8.26,30.59,1.00,38.85
71.00,2.00,0.00,14.30,0.00,0.00,14.30
72.00,2.00,1.38,14.30,0.00,0.00,15.69
78.00,2.00,0.00,14.30,52.98,1.00,67.28
81.00,2.00,0.00,14.30,52.98,1.00,67.28
8525.00,3.00,1.04,29.80,0.00,0.00,30.84
15669.00,4.00,0.00,8.26,30.59,1.00,38.85
82.00,2.00,0.00,14.30,0.00,0.00,14.30
83.00,2.00,1.50,14.30,0.00,0.00,15.81
8532.00,3.00,1.04,29.80,0.00,0.00,30.84
15672.00,4.00,0.00,8.26,30.59,1.00,38.85
91.00,2.00,0.00,14.30,0.00,0.00,14.30
92.00,2.00,1.50,14.30,0.00,0.00,15.81
98.00,2.00,0.00,14.30,52.98,1.00,67.28
101.00,2.00,0.00,14.30,52.98,1.00,67.28
8539.00,3.00,1.04,29.80,0.00,0.00,30.84
15675.00,4.00,0.00,8.26,30.59,1.00,38.85
102.00,2.00,0.00,14.30,0.00,0.00,14.30
103.00,2.00,1.50,14.30,0.00,0.00,15.81
8546.00,3.00,1.04,29.80,0.00,0.00,30.84
15678.00,4.00,0.00,8.26,30.59,1.00,38.85
111.00,2.00,0.00,14.30,0.00,0.00,14.30
112.00,2.00,1.50,14.30,0.00,0.00,15.81
8553.00,3.00,1.04,29.80,0.00,0.00,30.84
15681.00,4.00,0.00,8.26,30.59,1.00,38.85
120.00,2.00,0.00,14.30,0.00,0.00,14.30
121.00,2.00,1.50,14.30,0.00,0.00,15.81
8560.00,3.00,1.04,29.80,0.00,0.00,30.84
15684.00,4.00,0.00,8.26,30.59,1.00,38.85
129.00,2.00,0.00,14.30,0.00,0.00,14.30
130.00,2.00,1.50,14.30,0.00,0.00,15.81
8567.00,3.00,1.04,29.80,0.00,0.00,30.84
15687.00,4.00,0.00,8.26,30.59,1.00,38.85
138.00,2.00,0.00,14.30,0.00,0.00,14.30
139.00,2.00,1.50,14.30,0.00,0.00,15.81
8574.00,3.00,1.04,29.80,0.00,0.00,30.84
15690.00,4.00,0.00,8.26,30.59,1.00,38.85
147.00,2.00,0.00,14.30,0.00,0.00,14.30
148.00,2.00,1.50,14.30,0.00,0.00,15.81
8581.00,3.00,1.04,29.80,0.00,0.00,30.84
15693.00,4.00,0.00,8.26,30.59,1.00,38.85
156.00,2.00,0.00,14.30,0.00,0.00,14.30
157.00,2.00,1.50,14.30,0.00,0.00,15.81
8588.00,3.00,1.04,29.80,0.00,0.00,30.84
15696.00,4.00,0.00,8.26,30.59,1.00,38.85
165.00,2.00,0.00,14.30,0.00,0.00,14.30
166.00,2.00,1.50,14.30,0.00,0.00,15.81
8595.00,3.00,1.04,29.80,0.00,0.00,30.84
15699.00,4.00,0.00,8.26,30.59,1.00,38.85
174.00,2.00,0.00,14.30,0.00,0.00,14.30
175.00,2.00,1.50,14.30,0.00,0.00,15.81
8602.00,3.00,1.04,29.80,0.00,0.00,30.84
15702.00,4.00,0.00,8.26,30.59,1.00,38.85
183.00,2.00,0.00,14.30,0.00,0.00,14.30
184.00,2.00,1.50,14.30,0.00,0.00,15.81
8609.00,3.00,1.04,29.80,0.00,0.00,30.84
15704.00,4.00,0.00,8.26,30.59,1.00,38.85
192.00,2.00,0.00,14.30,0.00,0.00,14.30
193.00,2.00,1.50,14.30,0.00,0.00,15.81
8616.00,3.00,1.04,29.80,0.00,0.00,30.84
15707.00,4.00,0.00,8.26,30.59,1.00,38.85
201.00,2.00,0.00,14.30,0.00,0.00,14.30
202.00,2.00,1.50,14.30,0.00,0.00,15.81
8623.00,3.00,1.04,29.80,0.00,0.00,30.84
15710.00,4.00,0.00,8.26,30.59,1.00,38.85
210.00,2.00,0.00,14.30,0.00,0.00,14.30
211.00,2.00,1.50,14.30,0.00,0.00,15.81
8630.00,3.00,1.04,29.80,0.00,0.00,30.84
15713.00,4.00,0.00,8.26,30.59,1.00,38.85
219.00,2.00,0.00,14.30,0.00,0.00,14.30
220.00,2.00,1.50,14.30,0.00,0.00,15.81
8637.00,3.00,1.04,29.80,0.00,0.00,30.84
15716.00,4.00,0.00,8.26,30.59,1.00,38.85
228.00,2.00,0.00,14.30,0.00,0.00,14.30
229.00,2.00,1.50,14.30,0.00,0.00,15.81
8644.00,3.00,1.04,29.80,0.00,0.00,30.84
15719.00,4.00,0.00,8.26,30.59,1.00,38.85
237.00,2.00,0.00,14.30,0.00,0.00,14.30
238.00,2.00,1.50,14.30,0.00,0.00,15.81
8651.00,3.00,1.04,29.80,0.00,0.00,30.84
15722.00,4.00,0.00,8.26,30.59,1.00,38.85
246.00,2.00,0.00,14.30,0.00,0.00,14.30
247.00,2.00,1.50,14.30,0.00,0.00,15.81
8658.00,3.00,1.04,29.80,0.00,0.00,30.84
15725.00,4.00,0.00,8.26,30.59,1.00,38.85
255.00,2.00,0.00,14.30,0.00,0.00,14.30
256.00,2.00,1.50,14.30,0.00,0.00,15.81
8665.00,3.00,1.04,29.80,0.00,0.00,30.84
15728.00,4.00,0.00,8.26,30.59,1.00,38.85
264.00,2.00,0.00,14.30,0.00,0.00,14.30
265.00,2.00,1.50,14.30,0.00,0.00,15.81
8672.00,3.00,1.04,29.80,0.00,0.00,30.84
15731.00,4.00,0.00,8.26,30.59,1.00,38.85
273.00,2.00,0.00,14.30,0.00,0.00,14.30
274.00,2.00,1.50,14.30,0.00,0.00,15.81
8679.00,3.00,1.04,29.80,0.00,0.00,30.84
15734.00,4.00,0.00,8.26,30.59,1.00,38.85
coldnum,servednum,totalnum,coldfreq,commcost,instancost,latencycost,runcost,avgcost
86.00,181.00,581.00,0.48,0.42,24.51,24.93,16.80,41.73
" "," "
Time,2023-06-03 08:47:04.724972927 +0100 BST m=+0.129829521
Toponame,./config/pi_nodes.csv
RequestFile,./config/sorted.csv
MemCap,1000.000
NodeNum,10
Beta,1.000
SlotNum,30
ReduFactor,10000.000
Token,local
Alpha,0.040
CommCostPara,1.000
Testbed,0
CpuFreq,3.000
" "," "
ID,funcType,commCost,runCost,instanCost,iscold,singlecost
0.00,1.00,0.00,6.70,18.62,1.00,25.32
1.00,1.00,0.00,6.70,18.62,1.00,25.32
2.00,1.00,0.00,6.70,18.62,1.00,25.32
3.00,1.00,0.00,6.70,18.62,1.00,25.32
4.00,1.00,0.00,6.70,18.62,1.00,25.32
5.00,1.00,0.00,6.70,18.62,1.00,25.32
6.00,1.00,0.00,6.70,18.62,1.00,25.32
7.00,1.00,0.00,6.70,18.62,1.00,25.32
8.00,2.00,0.00,19.07,52.98,1.00,72.05
9.00,2.00,0.00,19.07,52.98,1.00,72.05
10.00,2.00,0.00,19.07,52.98,1.00,72.05
11.00,2.00,0.00,19.07,52.98,1.00,72.05
12.00,2.00,0.00,19.07,52.98,1.00,72.05
13.00,2.00,0.00,19.07,52.98,1.00,72.05
14.00,2.00,0.00,19.07,52.98,1.00,72.05
15.00,2.00,0.00,19.07,52.98,1.00,72.05
16.00,2.00,0.00,19.07,52.98,1.00,72.05
8475.00,3.00,0.00,39.73,110.37,1.00,150.10
8478.00,3.00,0.00,39.73,110.37,1.00,150.10
8479.00,3.00,0.00,39.73,110.37,1.00,150.10
8480.00,3.00,0.00,39.73,110.37,1.00,150.10
8481.00,3.00,0.00,39.73,110.37,1.00,150.10
8482.00,3.00,0.00,39.73,110.37,1.00,150.10
15650.00,4.00,0.00,11.01,30.59,1.00,41.60
17.00,2.00,0.00,19.07,0.00,0.00,19.07
18.00,2.00,0.00,19.07,0.00,0.00,19.07
19.00,2.00,1.38,19.07,0.00,0.00,20.46
20.00,2.00,0.00,19.07,52.98,1.00,72.05
21.00,2.00,0.00,19.07,52.98,1.00,72.05
22.00,2.00,0.00,19.07,52.98,1.00,72.05
23.00,2.00,0.00,19.07,52.98,1.00,72.05
24.00,2.00,0.00,19.07,52.98,1.00,72.05
25.00,2.00,0.00,19.07,52.98,1.00,72.05
8483.00,3.00,0.00,39.73,0.00,0.00,39.73
8484.00,3.00,1.38,39.73,0.00,0.00,41.12
8485.00,3.00,0.00,39.73,110.37,1.00,150.10
8486.00,3.00,0.00,39.73,110.37,1.00,150.10
8487.00,3.00,0.00,39.73,110.37,1.00,150.10
8488.00,3.00,0.00,39.73,110.37,1.00,150.10
8489.00,3.00,0.00,39.73,110.37,1.00,150.10
15651.00,4.00,0.00,11.01,30.59,1.00,41.60
26.00,2.00,0.00,19.07,0.00,0.00,19.07
27.00,2.00,1.38,19.07,0.00,0.00,20.46
28.00,2.00,0.46,19.07,0.00,0.00,19.54
29.00,2.00,0.00,19.07,52.98,1.00,72.05
30.00,2.00,0.00,19.07,52.98,1.00,72.05
31.00,2.00,0.00,19.07,52.98,1.00,72.05
32.00,2.00,0.00,19.07,52.98,1.00,72.05
33.00,2.00,0.00,19.07,52.98,1.00,72.05
34.00,2.00,0.00,19.07,52.98,1.00,72.05
8490.00,3.00,0.00,39.73,0.00,0.00,39.73
8491.00,3.00,1.50,39.73,0.00,0.00,41.24
8495.00,3.00,0.00,39.73,110.37,1.00,150.10
8496.00,3.00,0.00,39.73,110.37,1.00,150.10
15654.00,4.00,0.00,11.01,0.00,0.00,11.01
15656.00,4.00,0.00,11.01,30.59,1.00,41.60
35.00,2.00,0.00,19.07,0.00,0.00,19.07
36.00,2.00,1.38,19.07,0.00,0.00,20.46
37.00,2.00,0.46,19.07,0.00,0.00,19.54
40.00,2.00,0.00,19.07,52.98,1.00,72.05
41.00,2.00,0.00,19.07,52.98,1.00,72.05
42.00,2.00,0.00,19.07,52.98,1.00,72.05
43.00,2.00,0.00,19.07,52.98,1.00,72.05
8497.00,3.00,0.00,39.73,0.00,0.00,39.73
8498.00,3.00,1.50,39.73,0.00,0.00,41.24
8502.00,3.00,0.00,39.73,110.37,1.00,150.10
8503.00,3.00,0.00,39.73,110.37,1.00,150.10
15657.00,4.00,0.00,11.01,0.00,0.00,11.01
44.00,2.00,0.00,19.07,0.00,0.00,19.07
45.00,2.00,1.38,19.07,0.00,0.00,20.46
46.00,2.00,0.00,19.07,52.98,1.00,72.05
51.00,2.00,0.00,19.07,52.98,1.00,72.05
52.00,2.00,0.00,19.07,52.98,1.00,72.05
8504.00,3.00,1.50,39.73,0.00,0.00,41.24
15660.00,4.00,0.00,11.01,30.59,1.00,41.60
53.00,2.00,0.00,19.07,0.00,0.00,19.07
54.00,2.00,1.38,19.07,0.00,0.00,20.46
55.00,2.00,0.00,19.07,52.98,1.00,72.05
60.00,2.00,0.00,19.07,52.98,1.00,72.05
61.00,2.00,0.00,19.07,52.98,1.00,72.05
8511.00,3.00,1.50,39.73,0.00,0.00,41.24
15663.00,4.00,0.00,11.01,30.59,1.00,41.60
62.00,2.00,0.00,19.07,0.00,0.00,19.07
63.00,2.00,1.38,19.07,0.00,0.00,20.46
8518.00,3.00,1.50,39.73,0.00,0.00,41.24
15666.00,4.00,0.00,11.01,30.59,1.00,41.60
71.00,2.00,0.00,19.07,0.00,0.00,19.07
72.00,2.00,1.38,19.07,0.00,0.00,20.46
78.00,2.00,0.00,19.07,52.98,1.00,72.05
81.00,2.00,0.00,19.07,52.98,1.00,72.05
8525.00,3.00,1.04,39.73,0.00,0.00,40.77
15669.00,4.00,0.00,11.01,30.59,1.00,41.60
82.00,2.00,0.00,19.07,0.00,0.00,19.07
83.00,2.00,1.50,19.07,0.00,0.00,20.58
8532.00,3.00,1.04,39.73,0.00,0.00,40.77
15672.00,4.00,0.00,11.01,30.59,1.00,41.60
91.00,2.00,0.00,19.07,0.00,0.00,19.07
92.00,2.00,1.50,19.07,0.00,0.00,20.58
98.00,2.00,0.00,19.07,52.98,1.00,72.05
101.00,2.00,0.00,19.07,52.98,1.00,72.05
8539.00,3.00,1.04,39.73,0.00,0.00,40.77
15675.00,4.00,0.00,11.01,30.59,1.00,41.60
102.00,2.00,0.00,19.07,0.00,0.00,19.07
103.00,2.00,1.50,19.07,0.00,0.00,20.58
8546.00,3.00,1.04,39.73,0.00,0.00,40.77
15678.00,4.00,0.00,11.01,30.59,1.00,41.60
111.00,2.00,0.00,19.07,0.00,0.00,19.07
112.00,2.00,1.50,19.07,0.00,0.00,20.58
8553.00,3.00,1.04,39.73,0.00,0.00,40.77
15681.00,4.00,0.00,11.01,30.59,1.00,41.60
120.00,2.00,0.00,19.07,0.00,0.00,19.07
121.00,2.00,1.50,19.07,0.00,0.00,20.58
8560.00,3.00,1.04,39.73,0.00,0.00,40.77
15684.00,4.00,0.00,11.01,30.59,1.00,41.60
129.00,2.00,0.00,19.07,0.00,0.00,19.07
130.00,2.00,1.50,19.07,0.00,0.00,20.58
8567.00,3.00,1.04,39.73,0.00,0.00,40.77
15687.00,4.00,0.00,11.01,30.59,1.00,41.60
138.00,2.00,0.00,19.07,0.00,0.00,19.07
139.00,2.00,1.50,19.07,0.00,0.00,20.58
8574.00,3.00,1.04,39.73,0.00,0.00,40.77
15690.00,4.00,0.00,11.01,30.59,1.00,41.60
147.00,2.00,0.00,19.07,0.00,0.00,19.07
148.00,2.00,1.50,19.07,0.00,0.00,20.58
8581.00,3.00,1.04,39.73,0.00,0.00,40.77
15693.00,4.00,0.00,11.01,30.59,1.00,41.60
156.00,2.00,0.00,19.07,0.00,0.00,19.07
157.00,2.00,1.50,19.07,0.00,0.00,20.58
8588.00,3.00,1.04,39.73,0.00,0.00,40.77
15696.00,4.00,0.00,11.01,30.59,1.00,41.60
165.00,2.00,0.00,19.07,0.00,0.00,19.07
166.00,2.00,1.50,19.07,0.00,0.00,20.58
8595.00,3.00,1.04,39.73,0.00,0.00,40.77
15699.00,4.00,0.00,11.01,30.59,1.00,41.60
174.00,2.00,0.00,19.07,0.00,0.00,19.07
175.00,2.00,1.50,19.07,0.00,0.00,20.58
8602.00,3.00,1.04,39.73,0.00,0.00,40.77
15702.00,4.00,0.00,11.01,30.59,1.00,41.60
183.00,2.00,0.00,19.07,0.00,0.00,19.07
184.00,2.00,1.50,19.07,0.00,0.00,20.58
8609.00,3.00,1.04,39.73,0.00,0.00,40.77
15704.00,4.00,0.00,11.01,30.59,1.00,41.60
192.00,2.00,0.00,19.07,0.00,0.00,19.07
193.00,2.00,1.50,19.07,0.00,0.00,20.58
8616.00,3.00,1.04,39.73,0.00,0.00,40.77
15707.00,4.00,0.00,11.01,30.59,1.00,41.60
201.00,2.00,0.00,19.07,0.00,0.00,19.07
202.00,2.00,1.50,19.07,0.00,0.00,20.58
8623.00,3.00,1.04,39.73,0.00,0.00,40.77
15710.00,4.00,0.00,11.01,30.59,1.00,41.60
210.00,2.00,0.00,19.07,0.00,0.00,19.07
211.00,2.00,1.50,19.07,0.00,0.00,20.58
8630.00,3.00,1.04,39.73,0.00,0.00,40.77
15713.00,4.00,0.00,11.01,30.59,1.00,41.60
219.00,2.00,0.00,19.07,0.00,0.00,19.07
220.00,2.00,1.50,19.07,0.00,0.00,20.58
8637.00,3.00,1.04,39.73,0.00,0.00,40.77
15716.00,4.00,0.00,11.01,30.59,1.00,41.60
228.00,2.00,0.00,19.07,0.00,0.00,19.07
229.00,2.00,1.50,19.07,0.00,0.00,20.58
8644.00,3.00,1.04,39.73,0.00,0.00,40.77
15719.00,4.00,0.00,11.01,30.59,1.00,41.60
237.00,2.00,0.00,19.07,0.00,0.00,19.07
238.00,2.00,1.50,19.07,0.00,0.00,20.58
8651.00,3.00,1.04,39.73,0.00,0.00,40.77
15722.00,4.00,0.00,11.01,30.59,1.00,41.60
246.00,2.00,0.00,19.07,0.00,0.00,19.07
247.00,2.00,1.50,19.07,0.00,0.00,20.58
8658.00,3.00,1.04,39.73,0.00,0.00,40.77
15725.00,4.00,0.00,11.01,30.59,1.00,41.60
255.00,2.00,0.00,19.07,0.00,0.00,19.07
256.00,2.00,1.50,19.07,0.00,0.00,20.58
8665.00,3.00,1.04,39.73,0.00,0.00,40.77
15728.00,4.00,0.00,11.01,30.59,1.00,41.60
264.00,2.00,0.00,19.07,0.00,0.00,19.07
265.00,2.00,1.50,19.07,0.00,0.00,20.58
8672.00,3.00,1.04,39.73,0.00,0.00,40.77
15731.00,4.00,0.00,11.01,30.59,1.00,41.60
273.00,2.00,0.00,19.07,0.00,0.00,19.07
274.00,2.00,1.50,19.07,0.00,0.00,20.58
8679.00,3.00,1.04,39.73,0.00,0.00,40.77
15734.00,4.00,0.00,11.01,30.59,1.00,41.60
coldnum,servednum,totalnum,coldfreq,commcost,instancost,latencycost,runcost,avgcost
87.00,182.00,581.00,0.48,0.42,24.98,25.40,22.49,47.89
