 , ,,,,,,,,
Time,2023-06-03 08:37:36.356103591 +0100 BST m=+0.104630190,,,,,,,,
Toponame,./config/pi_nodes.csv,,,,,,,,
RequestFile,./config/sorted.csv,,,,,,,,
MemCap,1000,,,,,,,,
NodeNum,10,,,,,,,,
Beta,1,,,,,,,,
SlotNum,30,,,,,,,,
ReduFactor,10000,,,,,,,,cold-start
Token,local,,,,,,,,
Alpha,0.001,,,,,,,,
CommCostPara,1,,,,,,,,0.35
Testbed,0,,,,,,,,0.37
CpuFreq,3,,,,,,,,0.38
 , ,,,,,,,,0.37
ID,funcType,commCost,runCost,instanCost,iscold,singlecost,,,0.35
0,1,0,0.17,18.62,1,18.78,,,0.35
1,1,0,0.17,18.62,1,18.78,,,
2,1,0,0.17,18.62,1,18.78,,,
3,1,0,0.17,18.62,1,18.78,,,
4,1,0,0.17,18.62,1,18.78,,,
5,1,0,0.17,18.62,1,18.78,,,
6,1,0,0.17,18.62,1,18.78,,,
7,1,0,0.17,18.62,1,18.78,,,
8,2,0,0.48,52.98,1,53.46,,,
9,2,0,0.48,52.98,1,53.46,,,
10,2,0,0.48,52.98,1,53.46,,,
11,2,0,0.48,52.98,1,53.46,,,
12,2,0,0.48,52.98,1,53.46,,,
13,2,0,0.48,52.98,1,53.46,,,
14,2,0,0.48,52.98,1,53.46,,,
15,2,0,0.48,52.98,1,53.46,,,
16,2,0,0.48,52.98,1,53.46,,,
8475,3,0,0.99,110.37,1,111.36,,,
8478,3,0,0.99,110.37,1,111.36,,,
8479,3,0,0.99,110.37,1,111.36,,,
8480,3,0,0.99,110.37,1,111.36,,,
8481,3,0,0.99,110.37,1,111.36,,,
8482,3,0,0.99,110.37,1,111.36,,,
15650,4,0,0.28,30.59,1,30.87,,,
17,2,0,0.48,0,0,0.48,,,
18,2,0,0.48,0,0,0.48,,,
19,2,1.38,0.48,0,0,1.86,,,
20,2,0,0.48,52.98,1,53.46,,,
22,2,0,0.48,52.98,1,53.46,,,
23,2,0,0.48,52.98,1,53.46,,,
24,2,0,0.48,52.98,1,53.46,,,
25,2,0,0.48,52.98,1,53.46,,,
8483,3,0,0.99,0,0,0.99,,,
8484,3,1.38,0.99,0,0,2.38,,,
8487,3,0,0.99,110.37,1,111.36,,,
8488,3,0,0.99,110.37,1,111.36,,,
8489,3,0,0.99,110.37,1,111.36,,,
15652,4,0,0.28,30.59,1,30.87,,,
26,2,0,0.48,0,0,0.48,,,
27,2,1.38,0.48,0,0,1.86,,,
29,2,0,0.48,52.98,1,53.46,,,
30,2,0,0.48,52.98,1,53.46,,,
31,2,0,0.48,52.98,1,53.46,,,
32,2,0,0.48,52.98,1,53.46,,,
33,2,0,0.48,52.98,1,53.46,,,
34,2,0,0.48,52.98,1,53.46,,,
8490,3,0,0.99,0,0,0.99,,,
8491,3,1.5,0.99,0,0,2.5,,,
8495,3,0,0.99,110.37,1,111.36,,,
8496,3,0,0.99,110.37,1,111.36,,,
15654,4,0.46,0.28,0,0,0.74,,,
15656,4,0,0.28,30.59,1,30.87,,,
35,2,0,0.48,0,0,0.48,,,
36,2,1.38,0.48,0,0,1.86,,,
37,2,0.46,0.48,0,0,0.94,,,
40,2,0,0.48,52.98,1,53.46,,,
42,2,0,0.48,52.98,1,53.46,,,
43,2,0,0.48,52.98,1,53.46,,,
8497,3,0,0.99,0,0,0.99,,,
8498,3,1.5,0.99,0,0,2.5,,,
15657,4,0.55,0.28,0,0,0.82,,,
15659,4,0,0.28,30.59,1,30.87,,,
44,2,0,0.48,0,0,0.48,,,
45,2,1.38,0.48,0,0,1.86,,,
46,2,0,0.48,52.98,1,53.46,,,
47,2,0,0.48,52.98,1,53.46,,,
49,2,0,0.48,52.98,1,53.46,,,
8504,3,1.5,0.99,0,0,2.5,,,
8510,3,0,0.99,110.37,1,111.36,,,
15660,4,0,0.28,30.59,1,30.87,,,
15662,4,0,0.28,30.59,1,30.87,,,
53,2,0,0.48,0,0,0.48,,,
54,2,1.38,0.48,0,0,1.86,,,
8511,3,1.5,0.99,0,0,2.5,,,
15663,4,0,0.28,0,0,0.28,,,
15665,4,0,0.28,30.59,1,30.87,,,
62,2,0,0.48,0,0,0.48,,,
63,2,1.38,0.48,0,0,1.86,,,
64,2,0,0.48,52.98,1,53.46,,,
8518,3,1.5,0.99,0,0,2.5,,,
15666,4,0,0.28,0,0,0.28,,,
15668,4,0,0.28,30.59,1,30.87,,,
71,2,0,0.48,0,0,0.48,,,
72,2,1.38,0.48,0,0,1.86,,,
78,2,0,0.48,52.98,1,53.46,,,
79,2,0,0.48,52.98,1,53.46,,,
80,2,0,0.48,52.98,1,53.46,,,
81,2,0,0.48,52.98,1,53.46,,,
8525,3,1.04,0.99,0,0,2.03,,,
8530,3,0,0.99,110.37,1,111.36,,,
15669,4,0,0.28,0,0,0.28,,,
15670,4,0.49,0.28,0,0,0.77,,,
82,2,0,0.48,0,0,0.48,,,
83,2,1.5,0.48,0,0,1.98,,,
89,2,0,0.48,52.98,1,53.46,,,
90,2,0,0.48,52.98,1,53.46,,,
8532,3,1.04,0.99,0,0,2.03,,,
15672,4,0.55,0.28,0,0,0.82,,,
91,2,0,0.48,0,0,0.48,,,
92,2,1.5,0.48,0,0,1.98,,,
98,2,0,0.48,52.98,1,53.46,,,
101,2,0,0.48,52.98,1,53.46,,,
8539,3,1.04,0.99,0,0,2.03,,,
15675,4,0.55,0.28,0,0,0.82,,,
102,2,0,0.48,0,0,0.48,,,
103,2,1.5,0.48,0,0,1.98,,,
107,2,0,0.48,52.98,1,53.46,,,
8546,3,1.04,0.99,0,0,2.03,,,
15678,4,0.55,0.28,0,0,0.82,,,
111,2,0,0.48,0,0,0.48,,,
112,2,1.5,0.48,0,0,1.98,,,
8553,3,1.04,0.99,0,0,2.03,,,
15681,4,0,0.28,30.59,1,30.87,,,
15683,4,0,0.28,30.59,1,30.87,,,
120,2,0,0.48,0,0,0.48,,,
121,2,1.5,0.48,0,0,1.98,,,
8560,3,1.04,0.99,0,0,2.03,,,
15684,4,0,0.28,0,0,0.28,,,
15685,4,0.49,0.28,0,0,0.77,,,
129,2,0,0.48,0,0,0.48,,,
130,2,1.5,0.48,0,0,1.98,,,
8567,3,1.04,0.99,0,0,2.03,,,
15687,4,0,0.28,0,0,0.28,,,
15688,4,0.49,0.28,0,0,0.77,,,
138,2,0,0.48,0,0,0.48,,,
139,2,1.5,0.48,0,0,1.98,,,
8574,3,1.04,0.99,0,0,2.03,,,
15690,4,0.55,0.28,0,0,0.82,,,
147,2,0,0.48,0,0,0.48,,,
148,2,1.5,0.48,0,0,1.98,,,
8581,3,1.04,0.99,0,0,2.03,,,
15693,4,0.55,0.28,0,0,0.82,,,
156,2,0,0.48,0,0,0.48,,,
157,2,1.5,0.48,0,0,1.98,,,
8588,3,1.04,0.99,0,0,2.03,,,
15696,4,0.55,0.28,0,0,0.82,,,
165,2,0,0.48,0,0,0.48,,,
166,2,1.5,0.48,0,0,1.98,,,
8595,3,1.04,0.99,0,0,2.03,,,
15699,4,0.55,0.28,0,0,0.82,,,
174,2,0,0.48,0,0,0.48,,,
175,2,1.5,0.48,0,0,1.98,,,
8602,3,1.04,0.99,0,0,2.03,,,
15702,4,0,0.28,30.59,1,30.87,,,
183,2,0,0.48,0,0,0.48,,,
184,2,1.5,0.48,0,0,1.98,,,
8609,3,1.04,0.99,0,0,2.03,,,
15704,4,0,0.28,0,0,0.28,,,
15706,4,0,0.28,30.59,1,30.87,,,
192,2,0,0.48,0,0,0.48,,,
193,2,1.5,0.48,0,0,1.98,,,
8616,3,1.04,0.99,0,0,2.03,,,
15707,4,0,0.28,0,0,0.28,,,
15708,4,0.49,0.28,0,0,0.77,,,
201,2,0,0.48,0,0,0.48,,,
202,2,1.5,0.48,0,0,1.98,,,
8623,3,1.04,0.99,0,0,2.03,,,
15710,4,0,0.28,0,0,0.28,,,
15711,4,0.49,0.28,0,0,0.77,,,
210,2,0,0.48,0,0,0.48,,,
211,2,1.5,0.48,0,0,1.98,,,
8630,3,1.04,0.99,0,0,2.03,,,
15713,4,0,0.28,0,0,0.28,,,
15714,4,0.49,0.28,0,0,0.77,,,
219,2,0,0.48,0,0,0.48,,,
220,2,1.5,0.48,0,0,1.98,,,
8637,3,1.04,0.99,0,0,2.03,,,
15716,4,0,0.28,0,0,0.28,,,
15717,4,0.49,0.28,0,0,0.77,,,
228,2,0,0.48,0,0,0.48,,,
229,2,1.5,0.48,0,0,1.98,,,
8644,3,1.04,0.99,0,0,2.03,,,
15719,4,0,0.28,0,0,0.28,,,
15720,4,0.49,0.28,0,0,0.77,,,
237,2,0,0.48,0,0,0.48,,,
238,2,1.5,0.48,0,0,1.98,,,
8651,3,1.04,0.99,0,0,2.03,,,
15722,4,0,0.28,0,0,0.28,,,
15723,4,0.49,0.28,0,0,0.77,,,
246,2,0,0.48,0,0,0.48,,,
247,2,1.5,0.48,0,0,1.98,,,
8658,3,1.04,0.99,0,0,2.03,,,
15725,4,0,0.28,0,0,0.28,,,
15726,4,0.49,0.28,0,0,0.77,,,
255,2,0,0.48,0,0,0.48,,,
256,2,1.5,0.48,0,0,1.98,,,
8665,3,1.04,0.99,0,0,2.03,,,
15728,4,0.55,0.28,0,0,0.82,,,
264,2,0,0.48,0,0,0.48,,,
265,2,1.5,0.48,0,0,1.98,,,
8672,3,1.04,0.99,0,0,2.03,,,
15731,4,0.55,0.28,0,0,0.82,,,
273,2,0,0.48,0,0,0.48,,,
274,2,1.5,0.48,0,0,1.98,,,
8679,3,1.04,0.99,0,0,2.03,,,
15734,4,0.55,0.28,0,0,0.82,,,
coldnum,servednum,totalnum,coldfreq,commcost,instancost,latencycost,runcost,avgcost,
69,196,581,0.35,0.45,19.68,20.13,0.53,20.66,
 , ,,,,,,,,
Time,2023-06-03 08:37:45.084448968 +0100 BST m=+0.122905242,,,,,,,,
Toponame,./config/pi_nodes.csv,,,,,,,,
RequestFile,./config/sorted.csv,,,,,,,,
MemCap,1000,,,,,,,,
NodeNum,10,,,,,,,,
Beta,1,,,,,,,,
SlotNum,30,,,,,,,,
ReduFactor,10000,,,,,,,,
Token,local,,,,,,,,
Alpha,0.005,,,,,,,,
CommCostPara,1,,,,,,,,
Testbed,0,,,,,,,,
CpuFreq,3,,,,,,,,
 , ,,,,,,,,
ID,funcType,commCost,runCost,instanCost,iscold,singlecost,,,
0,1,0,0.84,18.62,1,19.45,,,
1,1,0,0.84,18.62,1,19.45,,,
2,1,0,0.84,18.62,1,19.45,,,
3,1,0,0.84,18.62,1,19.45,,,
4,1,0,0.84,18.62,1,19.45,,,
5,1,0,0.84,18.62,1,19.45,,,
6,1,0,0.84,18.62,1,19.45,,,
7,1,0,0.84,18.62,1,19.45,,,
8,2,0,2.38,52.98,1,55.36,,,
9,2,0,2.38,52.98,1,55.36,,,
10,2,0,2.38,52.98,1,55.36,,,
11,2,0,2.38,52.98,1,55.36,,,
12,2,0,2.38,52.98,1,55.36,,,
13,2,0,2.38,52.98,1,55.36,,,
14,2,0,2.38,52.98,1,55.36,,,
15,2,0,2.38,52.98,1,55.36,,,
16,2,0,2.38,52.98,1,55.36,,,
8475,3,0,4.97,110.37,1,115.34,,,
8478,3,0,4.97,110.37,1,115.34,,,
8479,3,0,4.97,110.37,1,115.34,,,
8480,3,0,4.97,110.37,1,115.34,,,
8481,3,0,4.97,110.37,1,115.34,,,
8482,3,0,4.97,110.37,1,115.34,,,
15650,4,0,1.38,30.59,1,31.97,,,
17,2,0,2.38,0,0,2.38,,,
18,2,0,2.38,0,0,2.38,,,
19,2,1.38,2.38,0,0,3.77,,,
20,2,0,2.38,52.98,1,55.36,,,
22,2,0,2.38,52.98,1,55.36,,,
23,2,0,2.38,52.98,1,55.36,,,
24,2,0,2.38,52.98,1,55.36,,,
25,2,0,2.38,52.98,1,55.36,,,
8483,3,0,4.97,0,0,4.97,,,
8484,3,1.38,4.97,0,0,6.35,,,
8487,3,0,4.97,110.37,1,115.34,,,
8488,3,0,4.97,110.37,1,115.34,,,
8489,3,0,4.97,110.37,1,115.34,,,
15651,4,0.47,1.38,0,0,1.84,,,
15652,4,0,1.38,30.59,1,31.97,,,
26,2,0,2.38,0,0,2.38,,,
27,2,1.38,2.38,0,0,3.77,,,
28,2,0,2.38,52.98,1,55.36,,,
29,2,0,2.38,52.98,1,55.36,,,
30,2,0,2.38,52.98,1,55.36,,,
31,2,0,2.38,52.98,1,55.36,,,
33,2,0,2.38,52.98,1,55.36,,,
34,2,0,2.38,52.98,1,55.36,,,
8490,3,1.5,4.97,0,0,6.47,,,
8495,3,0,4.97,110.37,1,115.34,,,
8496,3,0,4.97,110.37,1,115.34,,,
15654,4,0.47,1.38,0,0,1.84,,,
15655,4,0,1.38,30.59,1,31.97,,,
35,2,0,2.38,0,0,2.38,,,
36,2,1.38,2.38,0,0,3.77,,,
37,2,0.46,2.38,0,0,2.85,,,
40,2,0,2.38,52.98,1,55.36,,,
41,2,0,2.38,52.98,1,55.36,,,
42,2,0,2.38,52.98,1,55.36,,,
43,2,0,2.38,52.98,1,55.36,,,
8497,3,1.5,4.97,0,0,6.47,,,
8503,3,0,4.97,110.37,1,115.34,,,
15657,4,0,1.38,30.59,1,31.97,,,
15658,4,0,1.38,30.59,1,31.97,,,
15659,4,0,1.38,30.59,1,31.97,,,
44,2,0,2.38,0,0,2.38,,,
45,2,1.38,2.38,0,0,3.77,,,
49,2,0,2.38,52.98,1,55.36,,,
52,2,0,2.38,52.98,1,55.36,,,
8504,3,1.5,4.97,0,0,6.47,,,
15660,4,0.55,1.38,0,0,1.92,,,
15661,4,0,1.38,30.59,1,31.97,,,
15662,4,0,1.38,30.59,1,31.97,,,
53,2,0,2.38,0,0,2.38,,,
54,2,1.38,2.38,0,0,3.77,,,
55,2,0,2.38,52.98,1,55.36,,,
58,2,0,2.38,52.98,1,55.36,,,
60,2,0,2.38,52.98,1,55.36,,,
61,2,0,2.38,52.98,1,55.36,,,
8511,3,1.5,4.97,0,0,6.47,,,
15663,4,0.55,1.38,0,0,1.92,,,
15664,4,0,1.38,30.59,1,31.97,,,
62,2,0,2.38,0,0,2.38,,,
63,2,1.38,2.38,0,0,3.77,,,
69,2,0,2.38,52.98,1,55.36,,,
8518,3,1.5,4.97,0,0,6.47,,,
15666,4,0,1.38,30.59,1,31.97,,,
15667,4,0,1.38,30.59,1,31.97,,,
15668,4,0,1.38,30.59,1,31.97,,,
71,2,0,2.38,0,0,2.38,,,
72,2,1.38,2.38,0,0,3.77,,,
78,2,0,2.38,52.98,1,55.36,,,
8525,3,1.5,4.97,0,0,6.47,,,
8530,3,0,4.97,110.37,1,115.34,,,
15669,4,0.55,1.38,0,0,1.92,,,
82,2,0,2.38,0,0,2.38,,,
83,2,1.38,2.38,0,0,3.77,,,
86,2,0,2.38,52.98,1,55.36,,,
8532,3,1.5,4.97,0,0,6.47,,,
15672,4,0.55,1.38,0,0,1.92,,,
91,2,0,2.38,0,0,2.38,,,
92,2,1.38,2.38,0,0,3.77,,,
98,2,0,2.38,52.98,1,55.36,,,
101,2,0,2.38,52.98,1,55.36,,,
8539,3,1.04,4.97,0,0,6,,,
15675,4,0.55,1.38,0,0,1.92,,,
102,2,0,2.38,0,0,2.38,,,
103,2,1.5,2.38,0,0,3.89,,,
8546,3,1.04,4.97,0,0,6,,,
15678,4,0,1.38,30.59,1,31.97,,,
15680,4,0,1.38,30.59,1,31.97,,,
111,2,0,2.38,0,0,2.38,,,
112,2,1.5,2.38,0,0,3.89,,,
8553,3,1.04,4.97,0,0,6,,,
15681,4,0,1.38,0,0,1.38,,,
15682,4,0.49,1.38,0,0,1.87,,,
120,2,0,2.38,0,0,2.38,,,
121,2,1.5,2.38,0,0,3.89,,,
8560,3,1.04,4.97,0,0,6,,,
15684,4,0,1.38,0,0,1.38,,,
15685,4,0.49,1.38,0,0,1.87,,,
129,2,0,2.38,0,0,2.38,,,
130,2,1.5,2.38,0,0,3.89,,,
8567,3,1.04,4.97,0,0,6,,,
15687,4,0,1.38,0,0,1.38,,,
15688,4,0.49,1.38,0,0,1.87,,,
138,2,0,2.38,0,0,2.38,,,
139,2,1.5,2.38,0,0,3.89,,,
8574,3,1.04,4.97,0,0,6,,,
15690,4,0,1.38,0,0,1.38,,,
15691,4,0.49,1.38,0,0,1.87,,,
147,2,0,2.38,0,0,2.38,,,
148,2,1.5,2.38,0,0,3.89,,,
8581,3,1.04,4.97,0,0,6,,,
15693,4,0,1.38,0,0,1.38,,,
15694,4,0.49,1.38,0,0,1.87,,,
156,2,0,2.38,0,0,2.38,,,
157,2,1.5,2.38,0,0,3.89,,,
8588,3,1.04,4.97,0,0,6,,,
15696,4,0,1.38,0,0,1.38,,,
15697,4,0.49,1.38,0,0,1.87,,,
165,2,0,2.38,0,0,2.38,,,
166,2,1.5,2.38,0,0,3.89,,,
8595,3,1.04,4.97,0,0,6,,,
15699,4,0,1.38,0,0,1.38,,,
15700,4,0.49,1.38,0,0,1.87,,,
174,2,0,2.38,0,0,2.38,,,
175,2,1.5,2.38,0,0,3.89,,,
8602,3,1.04,4.97,0,0,6,,,
15702,4,0.55,1.38,0,0,1.92,,,
183,2,0,2.38,0,0,2.38,,,
184,2,1.5,2.38,0,0,3.89,,,
8609,3,1.04,4.97,0,0,6,,,
15704,4,0.55,1.38,0,0,1.92,,,
192,2,0,2.38,0,0,2.38,,,
193,2,1.5,2.38,0,0,3.89,,,
8616,3,1.04,4.97,0,0,6,,,
15707,4,0.55,1.38,0,0,1.92,,,
201,2,0,2.38,0,0,2.38,,,
202,2,1.5,2.38,0,0,3.89,,,
8623,3,1.04,4.97,0,0,6,,,
15710,4,0.55,1.38,0,0,1.92,,,
210,2,0,2.38,0,0,2.38,,,
211,2,1.5,2.38,0,0,3.89,,,
8630,3,1.04,4.97,0,0,6,,,
15713,4,0,1.38,30.59,1,31.97,,,
15715,4,0,1.38,30.59,1,31.97,,,
219,2,0,2.38,0,0,2.38,,,
220,2,1.5,2.38,0,0,3.89,,,
8637,3,1.04,4.97,0,0,6,,,
15716,4,0.55,1.38,0,0,1.92,,,
228,2,0,2.38,0,0,2.38,,,
229,2,1.5,2.38,0,0,3.89,,,
8644,3,1.04,4.97,0,0,6,,,
15719,4,0.55,1.38,0,0,1.92,,,
237,2,0,2.38,0,0,2.38,,,
238,2,1.5,2.38,0,0,3.89,,,
8651,3,1.04,4.97,0,0,6,,,
15722,4,0.55,1.38,0,0,1.92,,,
246,2,0,2.38,0,0,2.38,,,
247,2,1.5,2.38,0,0,3.89,,,
8658,3,1.04,4.97,0,0,6,,,
15725,4,0.55,1.38,0,0,1.92,,,
255,2,0,2.38,0,0,2.38,,,
256,2,1.5,2.38,0,0,3.89,,,
8665,3,1.04,4.97,0,0,6,,,
15728,4,0.55,1.38,0,0,1.92,,,
264,2,0,2.38,0,0,2.38,,,
265,2,1.5,2.38,0,0,3.89,,,
8672,3,1.04,4.97,0,0,6,,,
15731,4,0.55,1.38,0,0,1.92,,,
273,2,0,2.38,0,0,2.38,,,
274,2,1.5,2.38,0,0,3.89,,,
8679,3,1.04,4.97,0,0,6,,,
15734,4,0.55,1.38,0,0,1.92,,,
coldnum,servednum,totalnum,coldfreq,commcost,instancost,latencycost,runcost,avgcost,
72,194,581,0.37,0.46,20.24,20.71,2.64,23.35,
 , ,,,,,,,,
Time,2023-06-03 08:37:58.000652032 +0100 BST m=+0.094416456,,,,,,,,
Toponame,./config/pi_nodes.csv,,,,,,,,
RequestFile,./config/sorted.csv,,,,,,,,
MemCap,1000,,,,,,,,
NodeNum,10,,,,,,,,
Beta,1,,,,,,,,
SlotNum,30,,,,,,,,
ReduFactor,10000,,,,,,,,
Token,local,,,,,,,,
Alpha,0.01,,,,,,,,
CommCostPara,1,,,,,,,,
Testbed,0,,,,,,,,
CpuFreq,3,,,,,,,,
 , ,,,,,,,,
ID,funcType,commCost,runCost,instanCost,iscold,singlecost,,,
0,1,0,1.68,18.62,1,20.29,,,
1,1,0,1.68,18.62,1,20.29,,,
2,1,0,1.68,18.62,1,20.29,,,
3,1,0,1.68,18.62,1,20.29,,,
4,1,0,1.68,18.62,1,20.29,,,
5,1,0,1.68,18.62,1,20.29,,,
6,1,0,1.68,18.62,1,20.29,,,
7,1,0,1.68,18.62,1,20.29,,,
8,2,0,4.77,52.98,1,57.75,,,
9,2,0,4.77,52.98,1,57.75,,,
10,2,0,4.77,52.98,1,57.75,,,
11,2,0,4.77,52.98,1,57.75,,,
12,2,0,4.77,52.98,1,57.75,,,
13,2,0,4.77,52.98,1,57.75,,,
14,2,0,4.77,52.98,1,57.75,,,
15,2,0,4.77,52.98,1,57.75,,,
16,2,0,4.77,52.98,1,57.75,,,
8475,3,0,9.93,110.37,1,120.3,,,
8478,3,0,9.93,110.37,1,120.3,,,
8479,3,0,9.93,110.37,1,120.3,,,
8480,3,0,9.93,110.37,1,120.3,,,
8481,3,0,9.93,110.37,1,120.3,,,
8482,3,0,9.93,110.37,1,120.3,,,
15650,4,0,2.75,30.59,1,33.34,,,
17,2,0,4.77,0,0,4.77,,,
18,2,0,4.77,0,0,4.77,,,
19,2,1.38,4.77,0,0,6.15,,,
20,2,0,4.77,52.98,1,57.75,,,
22,2,0,4.77,52.98,1,57.75,,,
23,2,0,4.77,52.98,1,57.75,,,
24,2,0,4.77,52.98,1,57.75,,,
25,2,0,4.77,52.98,1,57.75,,,
8483,3,0,9.93,0,0,9.93,,,
8484,3,1.38,9.93,0,0,11.32,,,
8487,3,0,9.93,110.37,1,120.3,,,
8488,3,0,9.93,110.37,1,120.3,,,
8489,3,0,9.93,110.37,1,120.3,,,
15651,4,0.47,2.75,0,0,3.22,,,
15652,4,0,2.75,30.59,1,33.34,,,
26,2,0,4.77,0,0,4.77,,,
27,2,1.38,4.77,0,0,6.15,,,
29,2,0,4.77,52.98,1,57.75,,,
30,2,0,4.77,52.98,1,57.75,,,
31,2,0,4.77,52.98,1,57.75,,,
33,2,0,4.77,52.98,1,57.75,,,
34,2,0,4.77,52.98,1,57.75,,,
8490,3,0,9.93,0,0,9.93,,,
8491,3,1.5,9.93,0,0,11.44,,,
8495,3,0,9.93,110.37,1,120.3,,,
8496,3,0,9.93,110.37,1,120.3,,,
15654,4,0.47,2.75,0,0,3.22,,,
15655,4,0,2.75,30.59,1,33.34,,,
35,2,0,4.77,0,0,4.77,,,
36,2,1.38,4.77,0,0,6.15,,,
37,2,0.46,4.77,0,0,5.23,,,
40,2,0,4.77,52.98,1,57.75,,,
42,2,0,4.77,52.98,1,57.75,,,
43,2,0,4.77,52.98,1,57.75,,,
8497,3,0,9.93,0,0,9.93,,,
8498,3,1.5,9.93,0,0,11.44,,,
15657,4,0.47,2.75,0,0,3.22,,,
15658,4,0,2.75,30.59,1,33.34,,,
44,2,0,4.77,0,0,4.77,,,
45,2,1.38,4.77,0,0,6.15,,,
46,2,0,4.77,52.98,1,57.75,,,
49,2,0,4.77,52.98,1,57.75,,,
8504,3,1.5,9.93,0,0,11.44,,,
15660,4,0.47,2.75,0,0,3.22,,,
15661,4,0,2.75,30.59,1,33.34,,,
53,2,0,4.77,0,0,4.77,,,
54,2,1.38,4.77,0,0,6.15,,,
55,2,0,4.77,52.98,1,57.75,,,
60,2,0,4.77,52.98,1,57.75,,,
61,2,0,4.77,52.98,1,57.75,,,
8511,3,1.5,9.93,0,0,11.44,,,
15663,4,0.47,2.75,0,0,3.22,,,
15664,4,0,2.75,30.59,1,33.34,,,
62,2,0,4.77,0,0,4.77,,,
63,2,1.38,4.77,0,0,6.15,,,
68,2,0,4.77,52.98,1,57.75,,,
69,2,0,4.77,52.98,1,57.75,,,
70,2,0,4.77,52.98,1,57.75,,,
8518,3,1.5,9.93,0,0,11.44,,,
15666,4,0.47,2.75,0,0,3.22,,,
15668,4,0,2.75,30.59,1,33.34,,,
71,2,0,4.77,0,0,4.77,,,
72,2,1.38,4.77,0,0,6.15,,,
77,2,0,4.77,52.98,1,57.75,,,
78,2,0,4.77,52.98,1,57.75,,,
81,2,0,4.77,52.98,1,57.75,,,
8525,3,1.5,9.93,0,0,11.44,,,
15669,4,0.47,2.75,0,0,3.22,,,
15670,4,0,2.75,30.59,1,33.34,,,
82,2,0,4.77,0,0,4.77,,,
83,2,1.5,4.77,0,0,6.27,,,
85,2,0,4.77,52.98,1,57.75,,,
8532,3,1.5,9.93,0,0,11.44,,,
8537,3,0,9.93,110.37,1,120.3,,,
15672,4,0.47,2.75,0,0,3.22,,,
91,2,0,4.77,0,0,4.77,,,
92,2,1.5,4.77,0,0,6.27,,,
98,2,0,4.77,52.98,1,57.75,,,
101,2,0,4.77,52.98,1,57.75,,,
8539,3,1.5,9.93,0,0,11.44,,,
15675,4,0,2.75,30.59,1,33.34,,,
102,2,0,4.77,0,0,4.77,,,
103,2,1.5,4.77,0,0,6.27,,,
107,2,0,4.77,52.98,1,57.75,,,
8546,3,1.5,9.93,0,0,11.44,,,
15678,4,0,2.75,0,0,2.75,,,
111,2,0,4.77,0,0,4.77,,,
112,2,1.5,4.77,0,0,6.27,,,
8553,3,1.5,9.93,0,0,11.44,,,
15681,4,0,2.75,0,0,2.75,,,
120,2,0,4.77,0,0,4.77,,,
121,2,1.5,4.77,0,0,6.27,,,
8560,3,1.5,9.93,0,0,11.44,,,
15684,4,0,2.75,30.59,1,33.34,,,
129,2,0,4.77,0,0,4.77,,,
130,2,1.5,4.77,0,0,6.27,,,
8567,3,1.5,9.93,0,0,11.44,,,
15687,4,0,2.75,0,0,2.75,,,
138,2,0,4.77,0,0,4.77,,,
139,2,1.5,4.77,0,0,6.27,,,
8574,3,1.5,9.93,0,0,11.44,,,
15690,4,0,2.75,0,0,2.75,,,
147,2,0,4.77,0,0,4.77,,,
148,2,1.5,4.77,0,0,6.27,,,
8581,3,1.5,9.93,0,0,11.44,,,
15693,4,0,2.75,0,0,2.75,,,
156,2,0,4.77,0,0,4.77,,,
157,2,1.5,4.77,0,0,6.27,,,
8588,3,1.5,9.93,0,0,11.44,,,
15696,4,0,2.75,0,0,2.75,,,
165,2,0,4.77,0,0,4.77,,,
166,2,1.5,4.77,0,0,6.27,,,
8595,3,1.5,9.93,0,0,11.44,,,
15699,4,0,2.75,0,0,2.75,,,
174,2,0,4.77,0,0,4.77,,,
175,2,1.5,4.77,0,0,6.27,,,
8602,3,1.5,9.93,0,0,11.44,,,
15702,4,0,2.75,0,0,2.75,,,
183,2,0,4.77,0,0,4.77,,,
184,2,1.5,4.77,0,0,6.27,,,
8609,3,1.5,9.93,0,0,11.44,,,
15704,4,0,2.75,30.59,1,33.34,,,
192,2,0,4.77,0,0,4.77,,,
193,2,1.5,4.77,0,0,6.27,,,
8616,3,1.5,9.93,0,0,11.44,,,
15707,4,0,2.75,0,0,2.75,,,
201,2,0,4.77,0,0,4.77,,,
202,2,1.5,4.77,0,0,6.27,,,
8623,3,1.5,9.93,0,0,11.44,,,
15710,4,0,2.75,30.59,1,33.34,,,
210,2,0,4.77,0,0,4.77,,,
211,2,1.5,4.77,0,0,6.27,,,
8630,3,1.5,9.93,0,0,11.44,,,
15713,4,0,2.75,0,0,2.75,,,
219,2,0,4.77,0,0,4.77,,,
220,2,1.5,4.77,0,0,6.27,,,
8637,3,1.5,9.93,0,0,11.44,,,
15716,4,0,2.75,0,0,2.75,,,
228,2,0,4.77,0,0,4.77,,,
229,2,1.5,4.77,0,0,6.27,,,
8644,3,1.5,9.93,0,0,11.44,,,
15719,4,0,2.75,0,0,2.75,,,
237,2,0,4.77,0,0,4.77,,,
238,2,1.5,4.77,0,0,6.27,,,
8651,3,1.5,9.93,0,0,11.44,,,
15722,4,0,2.75,0,0,2.75,,,
246,2,0,4.77,0,0,4.77,,,
247,2,1.5,4.77,0,0,6.27,,,
8658,3,1.5,9.93,0,0,11.44,,,
15725,4,0,2.75,0,0,2.75,,,
255,2,0,4.77,0,0,4.77,,,
256,2,1.5,4.77,0,0,6.27,,,
8665,3,1.5,9.93,0,0,11.44,,,
15728,4,0,2.75,0,0,2.75,,,
264,2,0,4.77,0,0,4.77,,,
265,2,1.5,4.77,0,0,6.27,,,
8672,3,1.5,9.93,0,0,11.44,,,
15731,4,0,2.75,30.59,1,33.34,,,
273,2,0,4.77,0,0,4.77,,,
274,2,1.5,4.77,0,0,6.27,,,
8679,3,1.5,9.93,0,0,11.44,,,
15734,4,0,2.75,0,0,2.75,,,
coldnum,servednum,totalnum,coldfreq,commcost,instancost,latencycost,runcost,avgcost,
70,186,581,0.38,0.49,20.6,21.08,5.46,26.54,
 , ,,,,,,,,
Time,2023-06-03 08:38:04.181411706 +0100 BST m=+0.139223203,,,,,,,,
Toponame,./config/pi_nodes.csv,,,,,,,,
RequestFile,./config/sorted.csv,,,,,,,,
MemCap,1000,,,,,,,,
NodeNum,10,,,,,,,,
Beta,1,,,,,,,,
SlotNum,30,,,,,,,,
ReduFactor,10000,,,,,,,,
Token,local,,,,,,,,
Alpha,0.02,,,,,,,,
CommCostPara,1,,,,,,,,
Testbed,0,,,,,,,,
CpuFreq,3,,,,,,,,
 , ,,,,,,,,
ID,funcType,commCost,runCost,instanCost,iscold,singlecost,,,
0,1,0,3.35,18.62,1,21.97,,,
1,1,0,3.35,18.62,1,21.97,,,
2,1,0,3.35,18.62,1,21.97,,,
3,1,0,3.35,18.62,1,21.97,,,
4,1,0,3.35,18.62,1,21.97,,,
5,1,0,3.35,18.62,1,21.97,,,
6,1,0,3.35,18.62,1,21.97,,,
7,1,0,3.35,18.62,1,21.97,,,
8,2,0,9.54,52.98,1,62.52,,,
9,2,0,9.54,52.98,1,62.52,,,
10,2,0,9.54,52.98,1,62.52,,,
11,2,0,9.54,52.98,1,62.52,,,
12,2,0,9.54,52.98,1,62.52,,,
13,2,0,9.54,52.98,1,62.52,,,
14,2,0,9.54,52.98,1,62.52,,,
15,2,0,9.54,52.98,1,62.52,,,
16,2,0,9.54,52.98,1,62.52,,,
8475,3,0,19.87,110.37,1,130.24,,,
8478,3,0,19.87,110.37,1,130.24,,,
8479,3,0,19.87,110.37,1,130.24,,,
8480,3,0,19.87,110.37,1,130.24,,,
8481,3,0,19.87,110.37,1,130.24,,,
8482,3,0,19.87,110.37,1,130.24,,,
15650,4,0,5.51,30.59,1,36.1,,,
17,2,0,9.54,0,0,9.54,,,
18,2,0,9.54,0,0,9.54,,,
19,2,1.38,9.54,0,0,10.92,,,
20,2,0,9.54,52.98,1,62.52,,,
22,2,0,9.54,52.98,1,62.52,,,
23,2,0,9.54,52.98,1,62.52,,,
24,2,0,9.54,52.98,1,62.52,,,
25,2,0,9.54,52.98,1,62.52,,,
8483,3,0,19.87,0,0,19.87,,,
8484,3,1.38,19.87,0,0,21.25,,,
8487,3,0,19.87,110.37,1,130.24,,,
8488,3,0,19.87,110.37,1,130.24,,,
8489,3,0,19.87,110.37,1,130.24,,,
15652,4,0,5.51,30.59,1,36.1,,,
26,2,0,9.54,0,0,9.54,,,
27,2,1.38,9.54,0,0,10.92,,,
29,2,0,9.54,52.98,1,62.52,,,
30,2,0,9.54,52.98,1,62.52,,,
31,2,0,9.54,52.98,1,62.52,,,
33,2,0,9.54,52.98,1,62.52,,,
34,2,0,9.54,52.98,1,62.52,,,
8490,3,0,19.87,0,0,19.87,,,
8491,3,1.5,19.87,0,0,21.37,,,
8495,3,0,19.87,110.37,1,130.24,,,
8496,3,0,19.87,110.37,1,130.24,,,
15655,4,0,5.51,30.59,1,36.1,,,
35,2,0,9.54,0,0,9.54,,,
36,2,1.38,9.54,0,0,10.92,,,
37,2,0.46,9.54,0,0,10,,,
38,2,0,9.54,52.98,1,62.52,,,
40,2,0,9.54,52.98,1,62.52,,,
41,2,0,9.54,52.98,1,62.52,,,
42,2,0,9.54,52.98,1,62.52,,,
43,2,0,9.54,52.98,1,62.52,,,
8497,3,0,19.87,0,0,19.87,,,
8498,3,1.5,19.87,0,0,21.37,,,
15659,4,0,5.51,30.59,1,36.1,,,
44,2,0,9.54,0,0,9.54,,,
45,2,1.38,9.54,0,0,10.92,,,
46,2,0.46,9.54,0,0,10,,,
49,2,0,9.54,52.98,1,62.52,,,
51,2,0,9.54,52.98,1,62.52,,,
8504,3,0,19.87,0,0,19.87,,,
8505,3,1.5,19.87,0,0,21.37,,,
15660,4,0.55,5.51,0,0,6.05,,,
15662,4,0,5.51,30.59,1,36.1,,,
53,2,0,9.54,0,0,9.54,,,
54,2,1.38,9.54,0,0,10.92,,,
55,2,0,9.54,52.98,1,62.52,,,
58,2,0,9.54,52.98,1,62.52,,,
60,2,0,9.54,52.98,1,62.52,,,
8511,3,1.5,19.87,0,0,21.37,,,
15663,4,0,5.51,30.59,1,36.1,,,
15665,4,0,5.51,30.59,1,36.1,,,
62,2,0,9.54,0,0,9.54,,,
63,2,1.38,9.54,0,0,10.92,,,
8518,3,1.5,19.87,0,0,21.37,,,
15666,4,0,5.51,0,0,5.51,,,
15667,4,0.49,5.51,0,0,6,,,
71,2,0,9.54,0,0,9.54,,,
72,2,1.38,9.54,0,0,10.92,,,
73,2,0,9.54,52.98,1,62.52,,,
78,2,0,9.54,52.98,1,62.52,,,
81,2,0,9.54,52.98,1,62.52,,,
8525,3,1.5,19.87,0,0,21.37,,,
15669,4,0.55,5.51,0,0,6.05,,,
82,2,0,9.54,0,0,9.54,,,
83,2,1.5,9.54,0,0,11.04,,,
90,2,0,9.54,52.98,1,62.52,,,
8532,3,1.5,19.87,0,0,21.37,,,
15672,4,0.55,5.51,0,0,6.05,,,
91,2,0,9.54,0,0,9.54,,,
92,2,1.5,9.54,0,0,11.04,,,
98,2,0,9.54,52.98,1,62.52,,,
100,2,0,9.54,52.98,1,62.52,,,
101,2,0,9.54,52.98,1,62.52,,,
8539,3,1.04,19.87,0,0,20.9,,,
15675,4,0.55,5.51,0,0,6.05,,,
102,2,0,9.54,0,0,9.54,,,
103,2,1.5,9.54,0,0,11.04,,,
8546,3,1.04,19.87,0,0,20.9,,,
15678,4,0,5.51,30.59,1,36.1,,,
15680,4,0,5.51,30.59,1,36.1,,,
111,2,0,9.54,0,0,9.54,,,
112,2,1.5,9.54,0,0,11.04,,,
8553,3,1.04,19.87,0,0,20.9,,,
15681,4,0,5.51,0,0,5.51,,,
15682,4,0.49,5.51,0,0,6,,,
120,2,0,9.54,0,0,9.54,,,
121,2,1.5,9.54,0,0,11.04,,,
8560,3,1.04,19.87,0,0,20.9,,,
8566,3,0,19.87,110.37,1,130.24,,,
15684,4,0,5.51,0,0,5.51,,,
15685,4,0.49,5.51,0,0,6,,,
129,2,0,9.54,0,0,9.54,,,
130,2,1.5,9.54,0,0,11.04,,,
8567,3,1.5,19.87,0,0,21.37,,,
15687,4,0,5.51,0,0,5.51,,,
15688,4,0.49,5.51,0,0,6,,,
138,2,0,9.54,0,0,9.54,,,
139,2,1.5,9.54,0,0,11.04,,,
8574,3,1.5,19.87,0,0,21.37,,,
15690,4,0,5.51,0,0,5.51,,,
15691,4,0.49,5.51,0,0,6,,,
147,2,0,9.54,0,0,9.54,,,
148,2,1.5,9.54,0,0,11.04,,,
8581,3,1.5,19.87,0,0,21.37,,,
15693,4,0,5.51,0,0,5.51,,,
15695,4,0,5.51,30.59,1,36.1,,,
156,2,0,9.54,0,0,9.54,,,
157,2,1.5,9.54,0,0,11.04,,,
8588,3,1.5,19.87,0,0,21.37,,,
8593,3,0,19.87,110.37,1,130.24,,,
15696,4,0.55,5.51,0,0,6.05,,,
165,2,0,9.54,0,0,9.54,,,
166,2,1.5,9.54,0,0,11.04,,,
8595,3,1.5,19.87,0,0,21.37,,,
15699,4,0.55,5.51,0,0,6.05,,,
174,2,0,9.54,0,0,9.54,,,
175,2,1.5,9.54,0,0,11.04,,,
8602,3,1.5,19.87,0,0,21.37,,,
15702,4,0,5.51,30.59,1,36.1,,,
183,2,0,9.54,0,0,9.54,,,
184,2,1.5,9.54,0,0,11.04,,,
8609,3,1.5,19.87,0,0,21.37,,,
15704,4,0,5.51,0,0,5.51,,,
15706,4,0,5.51,30.59,1,36.1,,,
192,2,0,9.54,0,0,9.54,,,
193,2,1.5,9.54,0,0,11.04,,,
8616,3,1.5,19.87,0,0,21.37,,,
15707,4,0,5.51,0,0,5.51,,,
15709,4,0,5.51,30.59,1,36.1,,,
201,2,0,9.54,0,0,9.54,,,
202,2,1.5,9.54,0,0,11.04,,,
8623,3,1.5,19.87,0,0,21.37,,,
15710,4,0,5.51,0,0,5.51,,,
15711,4,0.49,5.51,0,0,6,,,
210,2,0,9.54,0,0,9.54,,,
211,2,1.5,9.54,0,0,11.04,,,
8630,3,1.5,19.87,0,0,21.37,,,
15713,4,0,5.51,0,0,5.51,,,
15714,4,0.49,5.51,0,0,6,,,
219,2,0,9.54,0,0,9.54,,,
220,2,1.5,9.54,0,0,11.04,,,
8637,3,1.5,19.87,0,0,21.37,,,
15716,4,0,5.51,0,0,5.51,,,
15717,4,0.49,5.51,0,0,6,,,
228,2,0,9.54,0,0,9.54,,,
229,2,1.5,9.54,0,0,11.04,,,
8644,3,1.5,19.87,0,0,21.37,,,
15719,4,0.55,5.51,0,0,6.05,,,
237,2,0,9.54,0,0,9.54,,,
238,2,1.5,9.54,0,0,11.04,,,
8651,3,1.5,19.87,0,0,21.37,,,
15722,4,0,5.51,30.59,1,36.1,,,
15724,4,0,5.51,30.59,1,36.1,,,
246,2,0,9.54,0,0,9.54,,,
247,2,1.5,9.54,0,0,11.04,,,
8658,3,1.5,19.87,0,0,21.37,,,
15725,4,0,5.51,30.59,1,36.1,,,
15727,4,0,5.51,30.59,1,36.1,,,
255,2,0,9.54,0,0,9.54,,,
256,2,1.5,9.54,0,0,11.04,,,
8665,3,1.5,19.87,0,0,21.37,,,
15728,4,0,5.51,0,0,5.51,,,
15729,4,0.49,5.51,0,0,6,,,
264,2,0,9.54,0,0,9.54,,,
265,2,1.5,9.54,0,0,11.04,,,
8672,3,1.5,19.87,0,0,21.37,,,
15731,4,0,5.51,0,0,5.51,,,
15732,4,0.49,5.51,0,0,6,,,
273,2,0,9.54,0,0,9.54,,,
274,2,1.5,9.54,0,0,11.04,,,
8679,3,1.5,19.87,0,0,21.37,,,
15734,4,0.55,5.51,0,0,6.05,,,
coldnum,servednum,totalnum,coldfreq,commcost,instancost,latencycost,runcost,avgcost,
74,199,581,0.37,0.48,20.16,20.63,10.7,31.33,
 , ,,,,,,,,
Time,2023-06-03 08:38:08.937700348 +0100 BST m=+0.172030590,,,,,,,,
Toponame,./config/pi_nodes.csv,,,,,,,,
RequestFile,./config/sorted.csv,,,,,,,,
MemCap,1000,,,,,,,,
NodeNum,10,,,,,,,,
Beta,1,,,,,,,,
SlotNum,30,,,,,,,,
ReduFactor,10000,,,,,,,,
Token,local,,,,,,,,
Alpha,0.03,,,,,,,,
CommCostPara,1,,,,,,,,
Testbed,0,,,,,,,,
CpuFreq,3,,,,,,,,
 , ,,,,,,,,
ID,funcType,commCost,runCost,instanCost,iscold,singlecost,,,
0,1,0,5.03,18.62,1,23.64,,,
1,1,0,5.03,18.62,1,23.64,,,
2,1,0,5.03,18.62,1,23.64,,,
3,1,0,5.03,18.62,1,23.64,,,
4,1,0,5.03,18.62,1,23.64,,,
5,1,0,5.03,18.62,1,23.64,,,
6,1,0,5.03,18.62,1,23.64,,,
7,1,0,5.03,18.62,1,23.64,,,
8,2,0,14.3,52.98,1,67.28,,,
9,2,0,14.3,52.98,1,67.28,,,
10,2,0,14.3,52.98,1,67.28,,,
11,2,0,14.3,52.98,1,67.28,,,
12,2,0,14.3,52.98,1,67.28,,,
13,2,0,14.3,52.98,1,67.28,,,
14,2,0,14.3,52.98,1,67.28,,,
15,2,0,14.3,52.98,1,67.28,,,
16,2,0,14.3,52.98,1,67.28,,,
8475,3,0,29.8,110.37,1,140.17,,,
8478,3,0,29.8,110.37,1,140.17,,,
8479,3,0,29.8,110.37,1,140.17,,,
8480,3,0,29.8,110.37,1,140.17,,,
8481,3,0,29.8,110.37,1,140.17,,,
8482,3,0,29.8,110.37,1,140.17,,,
15650,4,0,8.26,30.59,1,38.85,,,
17,2,0,14.3,0,0,14.3,,,
18,2,0,14.3,0,0,14.3,,,
19,2,1.38,14.3,0,0,15.69,,,
20,2,0,14.3,52.98,1,67.28,,,
22,2,0,14.3,52.98,1,67.28,,,
23,2,0,14.3,52.98,1,67.28,,,
24,2,0,14.3,52.98,1,67.28,,,
25,2,0,14.3,52.98,1,67.28,,,
8483,3,0,29.8,0,0,29.8,,,
8484,3,1.38,29.8,0,0,31.18,,,
8487,3,0,29.8,110.37,1,140.17,,,
8488,3,0,29.8,110.37,1,140.17,,,
8489,3,0,29.8,110.37,1,140.17,,,
15651,4,0.47,8.26,0,0,8.72,,,
15652,4,0,8.26,30.59,1,38.85,,,
26,2,0,14.3,0,0,14.3,,,
27,2,1.38,14.3,0,0,15.69,,,
31,2,0,14.3,52.98,1,67.28,,,
33,2,0,14.3,52.98,1,67.28,,,
34,2,0,14.3,52.98,1,67.28,,,
8490,3,0,29.8,0,0,29.8,,,
8491,3,1.5,29.8,0,0,31.3,,,
8495,3,0,29.8,110.37,1,140.17,,,
8496,3,0,29.8,110.37,1,140.17,,,
15654,4,0.47,8.26,0,0,8.72,,,
15655,4,0,8.26,30.59,1,38.85,,,
35,2,0,14.3,0,0,14.3,,,
36,2,1.38,14.3,0,0,15.69,,,
37,2,0,14.3,52.98,1,67.28,,,
38,2,0,14.3,52.98,1,67.28,,,
39,2,0,14.3,52.98,1,67.28,,,
40,2,0,14.3,52.98,1,67.28,,,
41,2,0,14.3,52.98,1,67.28,,,
42,2,0,14.3,52.98,1,67.28,,,
43,2,0,14.3,52.98,1,67.28,,,
8497,3,1.5,29.8,0,0,31.3,,,
8502,3,0,29.8,110.37,1,140.17,,,
15657,4,0.47,8.26,0,0,8.72,,,
15658,4,0,8.26,30.59,1,38.85,,,
15659,4,0,8.26,30.59,1,38.85,,,
44,2,0,14.3,0,0,14.3,,,
45,2,1.38,14.3,0,0,15.69,,,
46,2,0.46,14.3,0,0,14.77,,,
49,2,0,14.3,52.98,1,67.28,,,
51,2,0,14.3,52.98,1,67.28,,,
8504,3,1.5,29.8,0,0,31.3,,,
15660,4,0.55,8.26,0,0,8.81,,,
15661,4,0,8.26,30.59,1,38.85,,,
15662,4,0,8.26,30.59,1,38.85,,,
53,2,0,14.3,0,0,14.3,,,
54,2,1.38,14.3,0,0,15.69,,,
55,2,0,14.3,52.98,1,67.28,,,
60,2,0,14.3,52.98,1,67.28,,,
61,2,0,14.3,52.98,1,67.28,,,
8511,3,1.5,29.8,0,0,31.3,,,
15663,4,0.55,8.26,0,0,8.81,,,
15664,4,0,8.26,30.59,1,38.85,,,
62,2,0,14.3,0,0,14.3,,,
63,2,1.38,14.3,0,0,15.69,,,
70,2,0,14.3,52.98,1,67.28,,,
8518,3,1.5,29.8,0,0,31.3,,,
15666,4,0.55,8.26,0,0,8.81,,,
15667,4,0,8.26,30.59,1,38.85,,,
71,2,0,14.3,0,0,14.3,,,
72,2,1.38,14.3,0,0,15.69,,,
78,2,0,14.3,52.98,1,67.28,,,
81,2,0,14.3,52.98,1,67.28,,,
8525,3,1.5,29.8,0,0,31.3,,,
15669,4,0.55,8.26,0,0,8.81,,,
15670,4,0,8.26,30.59,1,38.85,,,
82,2,0,14.3,0,0,14.3,,,
83,2,1.5,14.3,0,0,15.81,,,
8532,3,1.5,29.8,0,0,31.3,,,
15672,4,0.55,8.26,0,0,8.81,,,
15673,4,0,8.26,30.59,1,38.85,,,
91,2,0,14.3,0,0,14.3,,,
92,2,1.5,14.3,0,0,15.81,,,
98,2,0,14.3,52.98,1,67.28,,,
101,2,0,14.3,52.98,1,67.28,,,
8539,3,1.5,29.8,0,0,31.3,,,
15675,4,0.55,8.26,0,0,8.81,,,
102,2,0,14.3,0,0,14.3,,,
103,2,1.5,14.3,0,0,15.81,,,
8546,3,1.5,29.8,0,0,31.3,,,
15678,4,0.47,8.26,0,0,8.72,,,
15679,4,0,8.26,30.59,1,38.85,,,
15680,4,0,8.26,30.59,1,38.85,,,
111,2,0,14.3,0,0,14.3,,,
112,2,1.5,14.3,0,0,15.81,,,
8553,3,1.5,29.8,0,0,31.3,,,
15681,4,0.55,8.26,0,0,8.81,,,
120,2,0,14.3,0,0,14.3,,,
121,2,1.5,14.3,0,0,15.81,,,
8560,3,1.5,29.8,0,0,31.3,,,
15684,4,0.55,8.26,0,0,8.81,,,
129,2,0,14.3,0,0,14.3,,,
130,2,1.5,14.3,0,0,15.81,,,
8567,3,1.5,29.8,0,0,31.3,,,
15687,4,0.55,8.26,0,0,8.81,,,
138,2,0,14.3,0,0,14.3,,,
139,2,1.5,14.3,0,0,15.81,,,
8574,3,1.5,29.8,0,0,31.3,,,
15690,4,0.55,8.26,0,0,8.81,,,
147,2,0,14.3,0,0,14.3,,,
148,2,1.5,14.3,0,0,15.81,,,
8581,3,1.5,29.8,0,0,31.3,,,
15693,4,0.55,8.26,0,0,8.81,,,
156,2,0,14.3,0,0,14.3,,,
157,2,1.5,14.3,0,0,15.81,,,
8588,3,1.5,29.8,0,0,31.3,,,
15696,4,0.55,8.26,0,0,8.81,,,
165,2,0,14.3,0,0,14.3,,,
166,2,1.5,14.3,0,0,15.81,,,
170,2,0,14.3,52.98,1,67.28,,,
8595,3,1.5,29.8,0,0,31.3,,,
15699,4,0.55,8.26,0,0,8.81,,,
174,2,0,14.3,0,0,14.3,,,
175,2,1.5,14.3,0,0,15.81,,,
8602,3,1.5,29.8,0,0,31.3,,,
15702,4,0,8.26,30.59,1,38.85,,,
183,2,0,14.3,0,0,14.3,,,
184,2,1.5,14.3,0,0,15.81,,,
8609,3,1.5,29.8,0,0,31.3,,,
15704,4,0,8.26,0,0,8.26,,,
15705,4,0,8.26,30.59,1,38.85,,,
15706,4,0,8.26,30.59,1,38.85,,,
192,2,0,14.3,0,0,14.3,,,
193,2,1.5,14.3,0,0,15.81,,,
8616,3,1.5,29.8,0,0,31.3,,,
15707,4,0,8.26,0,0,8.26,,,
15708,4,0.49,8.26,0,0,8.75,,,
201,2,0,14.3,0,0,14.3,,,
202,2,1.5,14.3,0,0,15.81,,,
8623,3,1.5,29.8,0,0,31.3,,,
15710,4,0,8.26,0,0,8.26,,,
15711,4,0.49,8.26,0,0,8.75,,,
210,2,0,14.3,0,0,14.3,,,
211,2,1.5,14.3,0,0,15.81,,,
8630,3,1.5,29.8,0,0,31.3,,,
15713,4,0,8.26,0,0,8.26,,,
15714,4,0.49,8.26,0,0,8.75,,,
219,2,0,14.3,0,0,14.3,,,
220,2,1.5,14.3,0,0,15.81,,,
8637,3,1.5,29.8,0,0,31.3,,,
15716,4,0,8.26,0,0,8.26,,,
15717,4,0.49,8.26,0,0,8.75,,,
228,2,0,14.3,0,0,14.3,,,
229,2,1.5,14.3,0,0,15.81,,,
8644,3,1.5,29.8,0,0,31.3,,,
15719,4,0,8.26,0,0,8.26,,,
15720,4,0.49,8.26,0,0,8.75,,,
237,2,0,14.3,0,0,14.3,,,
238,2,1.5,14.3,0,0,15.81,,,
8651,3,1.5,29.8,0,0,31.3,,,
15722,4,0,8.26,0,0,8.26,,,
15723,4,0.49,8.26,0,0,8.75,,,
246,2,0,14.3,0,0,14.3,,,
247,2,1.5,14.3,0,0,15.81,,,
8658,3,1.5,29.8,0,0,31.3,,,
15725,4,0,8.26,0,0,8.26,,,
15726,4,0.49,8.26,0,0,8.75,,,
255,2,0,14.3,0,0,14.3,,,
256,2,1.5,14.3,0,0,15.81,,,
8665,3,1.5,29.8,0,0,31.3,,,
15728,4,0,8.26,0,0,8.26,,,
15729,4,0.49,8.26,0,0,8.75,,,
264,2,0,14.3,0,0,14.3,,,
265,2,1.5,14.3,0,0,15.81,,,
8672,3,1.5,29.8,0,0,31.3,,,
15731,4,0,8.26,0,0,8.26,,,
15732,4,0.49,8.26,0,0,8.75,,,
273,2,0,14.3,0,0,14.3,,,
274,2,1.5,14.3,0,0,15.81,,,
8679,3,1.5,29.8,0,0,31.3,,,
15734,4,0,8.26,0,0,8.26,,,
15735,4,0.49,8.26,0,0,8.75,,,
coldnum,servednum,totalnum,coldfreq,commcost,instancost,latencycost,runcost,avgcost,
71,200,581,0.35,0.5,19.09,19.59,15.63,35.22,
 , ,,,,,,,,
Time,2023-06-03 08:38:13.612723631 +0100 BST m=+0.099494561,,,,,,,,
Toponame,./config/pi_nodes.csv,,,,,,,,
RequestFile,./config/sorted.csv,,,,,,,,
MemCap,1000,,,,,,,,
NodeNum,10,,,,,,,,
Beta,1,,,,,,,,
SlotNum,30,,,,,,,,
ReduFactor,10000,,,,,,,,
Token,local,,,,,,,,
Alpha,0.04,,,,,,,,
CommCostPara,1,,,,,,,,
Testbed,0,,,,,,,,
CpuFreq,3,,,,,,,,
 , ,,,,,,,,
ID,funcType,commCost,runCost,instanCost,iscold,singlecost,,,
0,1,0,6.7,18.62,1,25.32,,,
1,1,0,6.7,18.62,1,25.32,,,
2,1,0,6.7,18.62,1,25.32,,,
3,1,0,6.7,18.62,1,25.32,,,
4,1,0,6.7,18.62,1,25.32,,,
5,1,0,6.7,18.62,1,25.32,,,
6,1,0,6.7,18.62,1,25.32,,,
7,1,0,6.7,18.62,1,25.32,,,
8,2,0,19.07,52.98,1,72.05,,,
9,2,0,19.07,52.98,1,72.05,,,
10,2,0,19.07,52.98,1,72.05,,,
11,2,0,19.07,52.98,1,72.05,,,
12,2,0,19.07,52.98,1,72.05,,,
13,2,0,19.07,52.98,1,72.05,,,
14,2,0,19.07,52.98,1,72.05,,,
15,2,0,19.07,52.98,1,72.05,,,
16,2,0,19.07,52.98,1,72.05,,,
8475,3,0,39.73,110.37,1,150.1,,,
8478,3,0,39.73,110.37,1,150.1,,,
8479,3,0,39.73,110.37,1,150.1,,,
8480,3,0,39.73,110.37,1,150.1,,,
8481,3,0,39.73,110.37,1,150.1,,,
8482,3,0,39.73,110.37,1,150.1,,,
15650,4,0,11.01,30.59,1,41.6,,,
17,2,0,19.07,0,0,19.07,,,
18,2,0,19.07,0,0,19.07,,,
19,2,1.38,19.07,0,0,20.46,,,
20,2,0,19.07,52.98,1,72.05,,,
21,2,0,19.07,52.98,1,72.05,,,
22,2,0,19.07,52.98,1,72.05,,,
23,2,0,19.07,52.98,1,72.05,,,
24,2,0,19.07,52.98,1,72.05,,,
25,2,0,19.07,52.98,1,72.05,,,
8483,3,0,39.73,0,0,39.73,,,
8484,3,1.38,39.73,0,0,41.12,,,
8487,3,0,39.73,110.37,1,150.1,,,
8488,3,0,39.73,110.37,1,150.1,,,
8489,3,0,39.73,110.37,1,150.1,,,
15651,4,0.47,11.01,0,0,11.48,,,
15652,4,0,11.01,30.59,1,41.6,,,
26,2,0,19.07,0,0,19.07,,,
27,2,1.38,19.07,0,0,20.46,,,
28,2,0.46,19.07,0,0,19.54,,,
29,2,0,19.07,52.98,1,72.05,,,
31,2,0,19.07,52.98,1,72.05,,,
32,2,0,19.07,52.98,1,72.05,,,
33,2,0,19.07,52.98,1,72.05,,,
34,2,0,19.07,52.98,1,72.05,,,
8490,3,0,39.73,0,0,39.73,,,
8491,3,1.5,39.73,0,0,41.24,,,
8495,3,0,39.73,110.37,1,150.1,,,
8496,3,0,39.73,110.37,1,150.1,,,
15654,4,0.47,11.01,0,0,11.48,,,
15655,4,0,11.01,30.59,1,41.6,,,
15656,4,0,11.01,30.59,1,41.6,,,
35,2,0,19.07,0,0,19.07,,,
36,2,1.38,19.07,0,0,20.46,,,
37,2,0.46,19.07,0,0,19.54,,,
40,2,0,19.07,52.98,1,72.05,,,
42,2,0,19.07,52.98,1,72.05,,,
43,2,0,19.07,52.98,1,72.05,,,
8497,3,0,39.73,0,0,39.73,,,
8498,3,1.5,39.73,0,0,41.24,,,
8502,3,0,39.73,110.37,1,150.1,,,
15657,4,0.55,11.01,0,0,11.56,,,
15658,4,0,11.01,30.59,1,41.6,,,
15659,4,0,11.01,30.59,1,41.6,,,
44,2,0,19.07,0,0,19.07,,,
45,2,1.38,19.07,0,0,20.46,,,
47,2,0,19.07,52.98,1,72.05,,,
49,2,0,19.07,52.98,1,72.05,,,
8504,3,0,39.73,0,0,39.73,,,
8505,3,1.5,39.73,0,0,41.24,,,
8510,3,0,39.73,110.37,1,150.1,,,
15662,4,0,11.01,30.59,1,41.6,,,
53,2,0,19.07,0,0,19.07,,,
54,2,1.38,19.07,0,0,20.46,,,
55,2,0,19.07,52.98,1,72.05,,,
58,2,0,19.07,52.98,1,72.05,,,
8511,3,1.5,39.73,0,0,41.24,,,
15663,4,0.55,11.01,0,0,11.56,,,
62,2,0,19.07,0,0,19.07,,,
63,2,1.38,19.07,0,0,20.46,,,
64,2,0,19.07,52.98,1,72.05,,,
69,2,0,19.07,52.98,1,72.05,,,
70,2,0,19.07,52.98,1,72.05,,,
8518,3,1.5,39.73,0,0,41.24,,,
15666,4,0.55,11.01,0,0,11.56,,,
71,2,0,19.07,0,0,19.07,,,
72,2,1.38,19.07,0,0,20.46,,,
78,2,0,19.07,52.98,1,72.05,,,
79,2,0,19.07,52.98,1,72.05,,,
80,2,0,19.07,52.98,1,72.05,,,
81,2,0,19.07,52.98,1,72.05,,,
8525,3,1.04,39.73,0,0,40.77,,,
15669,4,0.55,11.01,0,0,11.56,,,
82,2,0,19.07,0,0,19.07,,,
83,2,1.5,19.07,0,0,20.58,,,
8532,3,1.04,39.73,0,0,40.77,,,
15672,4,0.55,11.01,0,0,11.56,,,
91,2,0,19.07,0,0,19.07,,,
92,2,1.5,19.07,0,0,20.58,,,
98,2,0,19.07,52.98,1,72.05,,,
101,2,0,19.07,52.98,1,72.05,,,
8539,3,1.04,39.73,0,0,40.77,,,
15675,4,0,11.01,30.59,1,41.6,,,
15677,4,0,11.01,30.59,1,41.6,,,
102,2,0,19.07,0,0,19.07,,,
103,2,1.5,19.07,0,0,20.58,,,
8546,3,1.04,39.73,0,0,40.77,,,
15678,4,0,11.01,0,0,11.01,,,
15679,4,0.49,11.01,0,0,11.51,,,
111,2,0,19.07,0,0,19.07,,,
112,2,1.5,19.07,0,0,20.58,,,
8553,3,1.04,39.73,0,0,40.77,,,
15681,4,0.55,11.01,0,0,11.56,,,
120,2,0,19.07,0,0,19.07,,,
121,2,1.5,19.07,0,0,20.58,,,
8560,3,1.04,39.73,0,0,40.77,,,
15684,4,0,11.01,30.59,1,41.6,,,
15686,4,0,11.01,30.59,1,41.6,,,
129,2,0,19.07,0,0,19.07,,,
130,2,1.5,19.07,0,0,20.58,,,
8567,3,1.04,39.73,0,0,40.77,,,
15687,4,0,11.01,0,0,11.01,,,
15689,4,0,11.01,30.59,1,41.6,,,
138,2,0,19.07,0,0,19.07,,,
139,2,1.5,19.07,0,0,20.58,,,
8574,3,1.04,39.73,0,0,40.77,,,
15690,4,0,11.01,0,0,11.01,,,
15691,4,0.49,11.01,0,0,11.51,,,
147,2,0,19.07,0,0,19.07,,,
148,2,1.5,19.07,0,0,20.58,,,
8581,3,1.04,39.73,0,0,40.77,,,
15693,4,0,11.01,0,0,11.01,,,
15695,4,0,11.01,30.59,1,41.6,,,
156,2,0,19.07,0,0,19.07,,,
157,2,1.5,19.07,0,0,20.58,,,
8588,3,1.04,39.73,0,0,40.77,,,
15696,4,0,11.01,0,0,11.01,,,
15697,4,0.49,11.01,0,0,11.51,,,
165,2,0,19.07,0,0,19.07,,,
166,2,1.5,19.07,0,0,20.58,,,
8595,3,1.04,39.73,0,0,40.77,,,
15699,4,0,11.01,0,0,11.01,,,
15700,4,0.49,11.01,0,0,11.51,,,
174,2,0,19.07,0,0,19.07,,,
175,2,1.5,19.07,0,0,20.58,,,
8602,3,1.04,39.73,0,0,40.77,,,
15702,4,0,11.01,0,0,11.01,,,
15703,4,0.29,11.01,0,0,11.3,,,
183,2,0,19.07,0,0,19.07,,,
184,2,1.5,19.07,0,0,20.58,,,
8609,3,1.04,39.73,0,0,40.77,,,
15704,4,0,11.01,30.59,1,41.6,,,
15706,4,0,11.01,30.59,1,41.6,,,
192,2,0,19.07,0,0,19.07,,,
193,2,1.5,19.07,0,0,20.58,,,
8616,3,1.04,39.73,0,0,40.77,,,
15707,4,0,11.01,0,0,11.01,,,
15708,4,0.49,11.01,0,0,11.51,,,
201,2,0,19.07,0,0,19.07,,,
202,2,1.5,19.07,0,0,20.58,,,
8623,3,1.04,39.73,0,0,40.77,,,
15710,4,0,11.01,0,0,11.01,,,
15711,4,0.49,11.01,0,0,11.51,,,
210,2,0,19.07,0,0,19.07,,,
211,2,1.5,19.07,0,0,20.58,,,
8630,3,1.04,39.73,0,0,40.77,,,
15713,4,0,11.01,0,0,11.01,,,
15714,4,0.49,11.01,0,0,11.51,,,
219,2,0,19.07,0,0,19.07,,,
220,2,1.5,19.07,0,0,20.58,,,
8637,3,1.04,39.73,0,0,40.77,,,
15716,4,0,11.01,0,0,11.01,,,
15717,4,0.49,11.01,0,0,11.51,,,
228,2,0,19.07,0,0,19.07,,,
229,2,1.5,19.07,0,0,20.58,,,
8644,3,1.04,39.73,0,0,40.77,,,
15719,4,0,11.01,0,0,11.01,,,
15720,4,0.49,11.01,0,0,11.51,,,
237,2,0,19.07,0,0,19.07,,,
238,2,1.5,19.07,0,0,20.58,,,
8651,3,1.04,39.73,0,0,40.77,,,
15722,4,0,11.01,0,0,11.01,,,
15723,4,0.49,11.01,0,0,11.51,,,
246,2,0,19.07,0,0,19.07,,,
247,2,1.5,19.07,0,0,20.58,,,
8658,3,1.04,39.73,0,0,40.77,,,
15725,4,0,11.01,0,0,11.01,,,
15726,4,0.49,11.01,0,0,11.51,,,
255,2,0,19.07,0,0,19.07,,,
256,2,1.5,19.07,0,0,20.58,,,
8665,3,1.04,39.73,0,0,40.77,,,
15728,4,0,11.01,0,0,11.01,,,
15729,4,0.49,11.01,0,0,11.51,,,
264,2,0,19.07,0,0,19.07,,,
265,2,1.5,19.07,0,0,20.58,,,
8672,3,1.04,39.73,0,0,40.77,,,
15731,4,0,11.01,0,0,11.01,,,
15732,4,0.49,11.01,0,0,11.51,,,
273,2,0,19.07,0,0,19.07,,,
274,2,1.5,19.07,0,0,20.58,,,
8679,3,1.04,39.73,0,0,40.77,,,
15734,4,0,11.01,0,0,11.01,,,
15736,4,0,11.01,30.59,1,41.6,,,
coldnum,servednum,totalnum,coldfreq,commcost,instancost,latencycost,runcost,avgcost,
73,206,581,0.35,0.42,19.32,19.75,21.05,40.8,