2023-06-03 11:02:36
timeslot,id,type,commCost,runCost,InstanCost,iscold,singleCost
Topo name ,config/site-optus-melbCBD.csv
Request file ,config/sorted.csv
CommCostPara,1
MemCap,10000
NodeNum,10
Beta,1
SlotNum,30
ReduFactor,10
Alpha,0.001
cpuFreq,3
coldNum,servedNum,totalNum,coldfreq,avgcommcost,avginstancost,avgLatenCost,avgruncost,avgcost
10065,39353,112197,0.255762,0.152895,10.5747,10.7276,0.329166,11.0537
2023-06-03 11:02:44
timeslot,id,type,commCost,runCost,InstanCost,iscold,singleCost
Topo name ,config/site-optus-melbCBD.csv
Request file ,config/sorted.csv
CommCostPara,1
MemCap,10000
NodeNum,10
Beta,1
SlotNum,30
ReduFactor,10
Alpha,0.005
cpuFreq,3
coldNum,servedNum,totalNum,coldfreq,avgcommcost,avginstancost,avgLatenCost,avgruncost,avgcost
10103,37007,112197,0.273002,0.193517,11.0875,11.281,1.67106,12.949
2023-06-03 11:02:47
timeslot,id,type,commCost,runCost,InstanCost,iscold,singleCost
Topo name ,config/site-optus-melbCBD.csv
Request file ,config/sorted.csv
CommCostPara,1
MemCap,10000
NodeNum,10
Beta,1
SlotNum,30
ReduFactor,10
Alpha,0.002
cpuFreq,3
coldNum,servedNum,totalNum,coldfreq,avgcommcost,avginstancost,avgLatenCost,avgruncost,avgcost
10365,35074,112197,0.295518,0.217483,11.7893,12.0068,0.686789,12.6937
2023-06-03 11:03:02
timeslot,id,type,commCost,runCost,InstanCost,iscold,singleCost
Topo name ,config/site-optus-melbCBD.csv
Request file ,config/sorted.csv
CommCostPara,1
MemCap,10000
NodeNum,10
Beta,1
SlotNum,30
ReduFactor,10
Alpha,0.01
cpuFreq,3
coldNum,servedNum,totalNum,coldfreq,avgcommcost,avginstancost,avgLatenCost,avgruncost,avgcost
10242,37458,112197,0.273426,0.171321,11.1199,11.2912,3.33185,14.6258
2023-06-03 11:03:08
timeslot,id,type,commCost,runCost,InstanCost,iscold,singleCost
Topo name ,config/site-optus-melbCBD.csv
Request file ,config/sorted.csv
CommCostPara,1
MemCap,10000
NodeNum,10
Beta,1
SlotNum,30
ReduFactor,10
Alpha,0.015
cpuFreq,3
coldNum,servedNum,totalNum,coldfreq,avgcommcost,avginstancost,avgLatenCost,avgruncost,avgcost
9736,38767,112197,0.251141,0.182681,10.4432,10.6258,4.96465,15.5977
2023-06-03 15:13:02
timeslot,id,type,commCost,runCost,InstanCost,iscold,singleCost
Topo name ,config/site-optus-melbCBD.csv
Request file ,config/sorted.csv
CommCostPara,1
MemCap,10000
NodeNum,10
Beta,1
SlotNum,30
ReduFactor,10
Alpha,0.001
cpuFreq,3
coldNum,servedNum,totalNum,coldfreq,avgcommcost,avginstancost,avgLatenCost,avgruncost,avgcost
10381,35146,112197,0.295368,0.217335,11.8047,12.022,0.347162,12.367
2023-06-03 15:13:19
timeslot,id,type,commCost,runCost,InstanCost,iscold,singleCost
Topo name ,config/site-optus-melbCBD.csv
Request file ,config/sorted.csv
CommCostPara,1
MemCap,10000
NodeNum,10
Beta,1
SlotNum,30
ReduFactor,10
Alpha,0.002
cpuFreq,3
coldNum,servedNum,totalNum,coldfreq,avgcommcost,avginstancost,avgLatenCost,avgruncost,avgcost
9725,39071,112197,0.248906,0.164574,10.4053,10.5699,0.653943,11.2265
2023-06-03 15:13:24
timeslot,id,type,commCost,runCost,InstanCost,iscold,singleCost
Topo name ,config/site-optus-melbCBD.csv
Request file ,config/sorted.csv
CommCostPara,1
MemCap,10000
NodeNum,10
Beta,1
SlotNum,30
ReduFactor,10
Alpha,0.005
cpuFreq,3
coldNum,servedNum,totalNum,coldfreq,avgcommcost,avginstancost,avgLatenCost,avgruncost,avgcost
10324,34029,112197,0.303388,0.239338,12.0662,12.3055,1.74567,14.0492
2023-06-03 15:13:30
timeslot,id,type,commCost,runCost,InstanCost,iscold,singleCost
Topo name ,config/site-optus-melbCBD.csv
Request file ,config/sorted.csv
CommCostPara,1
MemCap,10000
NodeNum,10
Beta,1
SlotNum,30
ReduFactor,10
Alpha,0.01
cpuFreq,3
coldNum,servedNum,totalNum,coldfreq,avgcommcost,avginstancost,avgLatenCost,avgruncost,avgcost
10185,37717,112197,0.270037,0.168127,11.0043,11.1724,3.32271,14.4974
2023-06-03 15:13:54
timeslot,id,type,commCost,runCost,InstanCost,iscold,singleCost
Topo name ,config/site-optus-melbCBD.csv
Request file ,config/sorted.csv
CommCostPara,1
MemCap,10000
NodeNum,10
Beta,1
SlotNum,30
ReduFactor,10
Alpha,0.015
cpuFreq,3
coldNum,servedNum,totalNum,coldfreq,avgcommcost,avginstancost,avgLatenCost,avgruncost,avgcost
10296,34702,112197,0.296698,0.222454,11.8752,12.0976,5.16491,17.267
2023-06-03 16:33:30
timeslot,id,type,commCost,runCost,InstanCost,iscold,singleCost
Topo name ,config/site-optus-melbCBD.csv
Request file ,config/sorted.csv
CommCostPara,1
MemCap,10000
NodeNum,10
Beta,1
SlotNum,30
ReduFactor,10
Alpha,0.001
cpuFreq,3
coldNum,servedNum,totalNum,coldfreq,avgcommcost,avginstancost,avgLatenCost,avgruncost,avgcost
10468,34779,112197,0.300986,0.220461,11.9546,12.1751,0.349354,12.5224
2023-06-03 16:33:40
timeslot,id,type,commCost,runCost,InstanCost,iscold,singleCost
Topo name ,config/site-optus-melbCBD.csv
Request file ,config/sorted.csv
CommCostPara,1
MemCap,10000
NodeNum,10
Beta,1
SlotNum,30
ReduFactor,10
Alpha,0.002
cpuFreq,3
coldNum,servedNum,totalNum,coldfreq,avgcommcost,avginstancost,avgLatenCost,avgruncost,avgcost
10378,34091,112197,0.304421,0.227178,12.1383,12.3654,0.704132,13.069
2023-06-03 16:33:45
timeslot,id,type,commCost,runCost,InstanCost,iscold,singleCost
Topo name ,config/site-optus-melbCBD.csv
Request file ,config/sorted.csv
CommCostPara,1
MemCap,10000
NodeNum,10
Beta,1
SlotNum,30
ReduFactor,10
Alpha,0.005
cpuFreq,3
coldNum,servedNum,totalNum,coldfreq,avgcommcost,avginstancost,avgLatenCost,avgruncost,avgcost
10052,36764,112197,0.27342,0.194948,11.0877,11.2827,1.67216,12.9517
2023-06-03 16:33:57
timeslot,id,type,commCost,runCost,InstanCost,iscold,singleCost
Topo name ,config/site-optus-melbCBD.csv
Request file ,config/sorted.csv
CommCostPara,1
MemCap,10000
NodeNum,10
Beta,1
SlotNum,30
ReduFactor,10
Alpha,0.01
cpuFreq,3
coldNum,servedNum,totalNum,coldfreq,avgcommcost,avginstancost,avgLatenCost,avgruncost,avgcost
10237,36876,112197,0.277606,0.180753,11.2029,11.3837,3.37305,14.7596
2023-06-03 16:34:08
timeslot,id,type,commCost,runCost,InstanCost,iscold,singleCost
Topo name ,config/site-optus-melbCBD.csv
Request file ,config/sorted.csv
CommCostPara,1
MemCap,10000
NodeNum,10
Beta,1
SlotNum,30
ReduFactor,10
Alpha,0.015
cpuFreq,3
coldNum,servedNum,totalNum,coldfreq,avgcommcost,avginstancost,avgLatenCost,avgruncost,avgcost
10136,33400,112197,0.303473,0.245832,12.1386,12.3844,5.30401,17.6924
2023-06-03 20:14:47
timeslot,id,type,commCost,runCost,InstanCost,iscold,singleCost
Topo name ,config/site-optus-melbCBD.csv
Request file ,config/sorted.csv
CommCostPara,1
MemCap,10000
NodeNum,10
Beta,1
SlotNum,30
ReduFactor,10
Alpha,0.001
cpuFreq,3
coldNum,servedNum,totalNum,coldfreq,avgcommcost,avginstancost,avgLatenCost,avgruncost,avgcost
9982,36038,112197,0.276985,0.205093,11.2097,11.4148,0.342889,11.7556
2023-06-03 20:15:04
timeslot,id,type,commCost,runCost,InstanCost,iscold,singleCost
Topo name ,config/site-optus-melbCBD.csv
Request file ,config/sorted.csv
CommCostPara,1
MemCap,10000
NodeNum,10
Beta,1
SlotNum,30
ReduFactor,10
Alpha,0.005
cpuFreq,3
coldNum,servedNum,totalNum,coldfreq,avgcommcost,avginstancost,avgLatenCost,avgruncost,avgcost
9864,38825,112197,0.254063,0.163843,10.5129,10.6767,1.63865,12.3117
2023-06-03 20:15:09
timeslot,id,type,commCost,runCost,InstanCost,iscold,singleCost
Topo name ,config/site-optus-melbCBD.csv
Request file ,config/sorted.csv
CommCostPara,1
MemCap,10000
NodeNum,10
Beta,1
SlotNum,30
ReduFactor,10
Alpha,0.002
cpuFreq,3
coldNum,servedNum,totalNum,coldfreq,avgcommcost,avginstancost,avgLatenCost,avgruncost,avgcost
9895,39004,112197,0.253692,0.173046,10.4452,10.6182,0.656719,11.277
2023-06-03 20:15:26
timeslot,id,type,commCost,runCost,InstanCost,iscold,singleCost
Topo name ,config/site-optus-melbCBD.csv
Request file ,config/sorted.csv
CommCostPara,1
MemCap,10000
NodeNum,10
Beta,1
SlotNum,30
ReduFactor,10
Alpha,0.01
cpuFreq,3
coldNum,servedNum,totalNum,coldfreq,avgcommcost,avginstancost,avgLatenCost,avgruncost,avgcost
10335,37287,112197,0.277174,0.182002,11.1901,11.3721,3.34503,14.7194
2023-06-03 20:15:54
timeslot,id,type,commCost,runCost,InstanCost,iscold,singleCost
Topo name ,config/site-optus-melbCBD.csv
Request file ,config/sorted.csv
CommCostPara,1
MemCap,10000
NodeNum,10
Beta,1
SlotNum,30
ReduFactor,10
Alpha,0.015
cpuFreq,3
coldNum,servedNum,totalNum,coldfreq,avgcommcost,avginstancost,avgLatenCost,avgruncost,avgcost
10415,34135,112197,0.305112,0.234999,12.0725,12.3075,5.24233,17.554
2023-06-03 22:22:43
timeslot,id,type,commCost,runCost,InstanCost,iscold,singleCost
Topo name ,config/site-optus-melbCBD.csv
Request file ,config/sorted.csv
CommCostPara,1
MemCap,10000
NodeNum,10
Beta,1
SlotNum,30
ReduFactor,10
Alpha,0.001
cpuFreq,3
coldNum,servedNum,totalNum,coldfreq,avgcommcost,avginstancost,avgLatenCost,avgruncost,avgcost
10238,35160,112197,0.291183,0.217288,11.7574,11.9746,0.34779,12.3203
2023-06-03 22:22:54
timeslot,id,type,commCost,runCost,InstanCost,iscold,singleCost
Topo name ,config/site-optus-melbCBD.csv
Request file ,config/sorted.csv
CommCostPara,1
MemCap,10000
NodeNum,10
Beta,1
SlotNum,30
ReduFactor,10
Alpha,0.002
cpuFreq,3
coldNum,servedNum,totalNum,coldfreq,avgcommcost,avginstancost,avgLatenCost,avgruncost,avgcost
10264,34195,112197,0.300161,0.23727,11.974,12.2113,0.698326,12.9093
2023-06-03 22:23:11
timeslot,id,type,commCost,runCost,InstanCost,iscold,singleCost
Topo name ,config/site-optus-melbCBD.csv
Request file ,config/sorted.csv
CommCostPara,1
MemCap,10000
NodeNum,10
Beta,1
SlotNum,30
ReduFactor,10
Alpha,0.005
cpuFreq,3
coldNum,servedNum,totalNum,coldfreq,avgcommcost,avginstancost,avgLatenCost,avgruncost,avgcost
10235,34321,112197,0.298214,0.234535,11.8537,12.0883,1.734,13.82
2023-06-03 22:23:14
timeslot,id,type,commCost,runCost,InstanCost,iscold,singleCost
Topo name ,config/site-optus-melbCBD.csv
Request file ,config/sorted.csv
CommCostPara,1
MemCap,10000
NodeNum,10
Beta,1
SlotNum,30
ReduFactor,10
Alpha,0.015
cpuFreq,3
2023-06-03 22:23:14
timeslot,id,type,commCost,runCost,InstanCost,iscold,singleCost
Topo name ,config/site-optus-melbCBD.csv
Request file ,config/sorted.csv
CommCostPara,1
MemCap,10000
NodeNum,10
Beta,1
SlotNum,30
ReduFactor,10
Alpha,0.01
cpuFreq,3
coldNum,servedNum,totalNum,coldfreq,avgcommcost,avginstancost,avgLatenCost,avgruncost,avgcost
10018,36843,112197,0.271911,0.200597,11.0884,11.289,5.1199,16.4148
coldNum,servedNum,totalNum,coldfreq,avgcommcost,avginstancost,avgLatenCost,avgruncost,avgcost
10303,34880,112197,0.295384,0.221576,11.8238,12.0454,3.50661,15.5543
2023-06-04 06:22:44
timeslot,id,type,commCost,runCost,InstanCost,iscold,singleCost
Topo name ,config/site-optus-melbCBD.csv
Request file ,config/sorted.csv
CommCostPara,1
MemCap,10000
NodeNum,10
Beta,1
SlotNum,30
ReduFactor,10
Alpha,0.001
cpuFreq,3
coldNum,servedNum,totalNum,coldfreq,avgcommcost,avginstancost,avgLatenCost,avgruncost,avgcost
10142,34814,112197,0.29132,0.218271,11.7118,11.93,0.346976,12.2747
2023-06-04 06:22:50
timeslot,id,type,commCost,runCost,InstanCost,iscold,singleCost
Topo name ,config/site-optus-melbCBD.csv
Request file ,config/sorted.csv
CommCostPara,1
MemCap,10000
NodeNum,10
Beta,1
SlotNum,30
ReduFactor,10
Alpha,0.002
cpuFreq,3
coldNum,servedNum,totalNum,coldfreq,avgcommcost,avginstancost,avgLatenCost,avgruncost,avgcost
9573,38942,112197,0.245827,0.177284,10.2594,10.4367,0.65522,11.0943
2023-06-04 06:23:01
timeslot,id,type,commCost,runCost,InstanCost,iscold,singleCost
Topo name ,config/site-optus-melbCBD.csv
Request file ,config/sorted.csv
CommCostPara,1
MemCap,10000
NodeNum,10
Beta,1
SlotNum,30
ReduFactor,10
Alpha,0.005
cpuFreq,3
coldNum,servedNum,totalNum,coldfreq,avgcommcost,avginstancost,avgLatenCost,avgruncost,avgcost
9962,37786,112197,0.263643,0.170932,10.8889,11.0598,1.68246,12.7391
2023-06-04 06:23:10
timeslot,id,type,commCost,runCost,InstanCost,iscold,singleCost
Topo name ,config/site-optus-melbCBD.csv
Request file ,config/sorted.csv
CommCostPara,1
MemCap,10000
NodeNum,10
Beta,1
SlotNum,30
ReduFactor,10
Alpha,0.01
cpuFreq,3
coldNum,servedNum,totalNum,coldfreq,avgcommcost,avginstancost,avgLatenCost,avgruncost,avgcost
9805,39032,112197,0.251204,0.164165,10.442,10.6062,3.31558,13.9254
2023-06-04 06:23:33
timeslot,id,type,commCost,runCost,InstanCost,iscold,singleCost
Topo name ,config/site-optus-melbCBD.csv
Request file ,config/sorted.csv
CommCostPara,1
MemCap,10000
NodeNum,10
Beta,1
SlotNum,30
ReduFactor,10
Alpha,0.015
cpuFreq,3
coldNum,servedNum,totalNum,coldfreq,avgcommcost,avginstancost,avgLatenCost,avgruncost,avgcost
10358,34629,112197,0.299113,0.219951,11.8773,12.0973,5.24087,17.3421
2023-06-04 10:42:40
timeslot,id,type,commCost,runCost,InstanCost,iscold,singleCost
Topo name ,config/site-optus-melbCBD.csv
Request file ,config/sorted.csv
CommCostPara,1
MemCap,10000
NodeNum,10
Beta,1
SlotNum,30
ReduFactor,10
Alpha,0.001
cpuFreq,3
coldNum,servedNum,totalNum,coldfreq,avgcommcost,avginstancost,avgLatenCost,avgruncost,avgcost
10430,34247,112197,0.304552,0.233067,12.0982,12.3313,0.346592,12.6758
2023-06-04 10:42:50
timeslot,id,type,commCost,runCost,InstanCost,iscold,singleCost
Topo name ,config/site-optus-melbCBD.csv
Request file ,config/sorted.csv
CommCostPara,1
MemCap,10000
NodeNum,10
Beta,1
SlotNum,30
ReduFactor,10
Alpha,0.002
cpuFreq,3
coldNum,servedNum,totalNum,coldfreq,avgcommcost,avginstancost,avgLatenCost,avgruncost,avgcost
10087,37046,112197,0.272283,0.183158,11.0428,11.226,0.672339,11.8995
2023-06-04 10:42:58
timeslot,id,type,commCost,runCost,InstanCost,iscold,singleCost
Topo name ,config/site-optus-melbCBD.csv
Request file ,config/sorted.csv
CommCostPara,1
MemCap,10000
NodeNum,10
Beta,1
SlotNum,30
ReduFactor,10
Alpha,0.005
cpuFreq,3
coldNum,servedNum,totalNum,coldfreq,avgcommcost,avginstancost,avgLatenCost,avgruncost,avgcost
10501,33797,112197,0.310708,0.238789,12.1862,12.425,1.74637,14.1693
2023-06-04 10:43:12
timeslot,id,type,commCost,runCost,InstanCost,iscold,singleCost
Topo name ,config/site-optus-melbCBD.csv
Request file ,config/sorted.csv
CommCostPara,1
MemCap,10000
NodeNum,10
Beta,1
SlotNum,30
ReduFactor,10
Alpha,0.015
cpuFreq,3
coldNum,servedNum,totalNum,coldfreq,avgcommcost,avginstancost,avgLatenCost,avgruncost,avgcost
10131,36101,112197,0.280629,0.204529,11.3614,11.566,5.12343,16.694
2023-06-04 10:43:21
timeslot,id,type,commCost,runCost,InstanCost,iscold,singleCost
Topo name ,config/site-optus-melbCBD.csv
Request file ,config/sorted.csv
CommCostPara,1
MemCap,10000
NodeNum,10
Beta,1
SlotNum,30
ReduFactor,10
Alpha,0.01
cpuFreq,3
coldNum,servedNum,totalNum,coldfreq,avgcommcost,avginstancost,avgLatenCost,avgruncost,avgcost
9996,37221,112197,0.268558,0.185171,10.9269,11.112,3.36578,14.4807
2023-06-05 08:56:52
timeslot,id,type,commCost,runCost,InstanCost,iscold,singleCost
Topo name ,config/site-optus-melbCBD.csv
Request file ,config/sorted.csv
CommCostPara,1
MemCap,10000
NodeNum,10
Beta,1
SlotNum,30
ReduFactor,10
Alpha,0.002
cpuFreq,3
coldNum,servedNum,totalNum,coldfreq,avgcommcost,avginstancost,avgLatenCost,avgruncost,avgcost
10122,36298,112197,0.278858,0.194015,11.4083,11.6023,0.686495,12.2887
2023-06-05 08:57:02
timeslot,id,type,commCost,runCost,InstanCost,iscold,singleCost
Topo name ,config/site-optus-melbCBD.csv
Request file ,config/sorted.csv
CommCostPara,1
MemCap,10000
NodeNum,10
Beta,1
SlotNum,30
ReduFactor,10
Alpha,0.001
cpuFreq,3
coldNum,servedNum,totalNum,coldfreq,avgcommcost,avginstancost,avgLatenCost,avgruncost,avgcost
9999,35332,112197,0.283001,0.229645,11.4862,11.7158,0.347332,12.0612
2023-06-05 08:57:24
timeslot,id,type,commCost,runCost,InstanCost,iscold,singleCost
Topo name ,config/site-optus-melbCBD.csv
Request file ,config/sorted.csv
CommCostPara,1
MemCap,10000
NodeNum,10
Beta,1
SlotNum,30
ReduFactor,10
Alpha,0.01
cpuFreq,3
coldNum,servedNum,totalNum,coldfreq,avgcommcost,avginstancost,avgLatenCost,avgruncost,avgcost
10387,33875,112197,0.306627,0.236936,12.1554,12.3923,3.4984,15.8927
2023-06-05 08:57:27
timeslot,id,type,commCost,runCost,InstanCost,iscold,singleCost
Topo name ,config/site-optus-melbCBD.csv
Request file ,config/sorted.csv
CommCostPara,1
MemCap,10000
NodeNum,10
Beta,1
SlotNum,30
ReduFactor,10
Alpha,0.005
cpuFreq,3
coldNum,servedNum,totalNum,coldfreq,avgcommcost,avginstancost,avgLatenCost,avgruncost,avgcost
10412,34228,112197,0.304195,0.233819,12.0277,12.2616,1.7395,13.9989
2023-06-05 08:57:32
timeslot,id,type,commCost,runCost,InstanCost,iscold,singleCost
Topo name ,config/site-optus-melbCBD.csv
Request file ,config/sorted.csv
CommCostPara,1
MemCap,10000
NodeNum,10
Beta,1
SlotNum,30
ReduFactor,10
Alpha,0.015
cpuFreq,3
coldNum,servedNum,totalNum,coldfreq,avgcommcost,avginstancost,avgLatenCost,avgruncost,avgcost
10310,37016,112197,0.278528,0.180644,11.218,11.3987,5.04261,16.447
2023-06-05 11:51:47
timeslot,id,type,commCost,runCost,InstanCost,iscold,singleCost
Topo name ,config/site-optus-melbCBD.csv
Request file ,config/sorted.csv
CommCostPara,1
MemCap,10000
NodeNum,10
Beta,1
SlotNum,30
ReduFactor,10
Alpha,0.001
cpuFreq,3
coldNum,servedNum,totalNum,coldfreq,avgcommcost,avginstancost,avgLatenCost,avgruncost,avgcost
10350,34350,112197,0.30131,0.239552,11.9874,12.227,0.347457,12.5723
2023-06-05 11:51:54
timeslot,id,type,commCost,runCost,InstanCost,iscold,singleCost
Topo name ,config/site-optus-melbCBD.csv
Request file ,config/sorted.csv
CommCostPara,1
MemCap,10000
NodeNum,10
Beta,1
SlotNum,30
ReduFactor,10
Alpha,0.002
cpuFreq,3
coldNum,servedNum,totalNum,coldfreq,avgcommcost,avginstancost,avgLatenCost,avgruncost,avgcost
10329,33890,112197,0.30478,0.235059,12.1194,12.3544,0.701217,13.0552
2023-06-05 11:51:56
timeslot,id,type,commCost,runCost,InstanCost,iscold,singleCost
Topo name ,config/site-optus-melbCBD.csv
Request file ,config/sorted.csv
CommCostPara,1
MemCap,10000
NodeNum,10
Beta,1
SlotNum,30
ReduFactor,10
Alpha,0.005
cpuFreq,3
coldNum,servedNum,totalNum,coldfreq,avgcommcost,avginstancost,avgLatenCost,avgruncost,avgcost
10043,36836,112197,0.272641,0.188222,11.2115,11.3998,1.70607,13.1034
2023-06-05 11:52:23
timeslot,id,type,commCost,runCost,InstanCost,iscold,singleCost
Topo name ,config/site-optus-melbCBD.csv
Request file ,config/sorted.csv
CommCostPara,1
MemCap,10000
NodeNum,10
Beta,1
SlotNum,30
ReduFactor,10
Alpha,0.01
cpuFreq,3
coldNum,servedNum,totalNum,coldfreq,avgcommcost,avginstancost,avgLatenCost,avgruncost,avgcost
9839,40436,112197,0.243323,0.147312,10.2322,10.3796,3.21426,13.5958
2023-06-05 11:52:36
timeslot,id,type,commCost,runCost,InstanCost,iscold,singleCost
Topo name ,config/site-optus-melbCBD.csv
Request file ,config/sorted.csv
CommCostPara,1
MemCap,10000
NodeNum,10
Beta,1
SlotNum,30
ReduFactor,10
Alpha,0.015
cpuFreq,3
coldNum,servedNum,totalNum,coldfreq,avgcommcost,avginstancost,avgLatenCost,avgruncost,avgcost
10344,36824,112197,0.280904,0.184925,11.2667,11.4516,5.03794,16.4955
2023-06-05 13:02:15
timeslot,id,type,commCost,runCost,InstanCost,iscold,singleCost
Topo name ,config/site-optus-melbCBD.csv
Request file ,config/sorted.csv
CommCostPara,1
MemCap,10000
NodeNum,10
Beta,1
SlotNum,30
ReduFactor,10
Alpha,0.001
cpuFreq,3
coldNum,servedNum,totalNum,coldfreq,avgcommcost,avginstancost,avgLatenCost,avgruncost,avgcost
10146,36871,112197,0.275176,0.189326,11.1731,11.3624,0.339401,11.6992
2023-06-05 13:02:18
timeslot,id,type,commCost,runCost,InstanCost,iscold,singleCost
Topo name ,config/site-optus-melbCBD.csv
Request file ,config/sorted.csv
CommCostPara,1
MemCap,10000
NodeNum,10
Beta,1
SlotNum,30
ReduFactor,10
Alpha,0.005
cpuFreq,3
coldNum,servedNum,totalNum,coldfreq,avgcommcost,avginstancost,avgLatenCost,avgruncost,avgcost
9863,38891,112197,0.253606,0.176776,10.5834,10.7602,1.66293,12.4202
2023-06-05 13:02:19
timeslot,id,type,commCost,runCost,InstanCost,iscold,singleCost
Topo name ,config/site-optus-melbCBD.csv
Request file ,config/sorted.csv
CommCostPara,1
MemCap,10000
NodeNum,10
Beta,1
SlotNum,30
ReduFactor,10
Alpha,0.002
cpuFreq,3
coldNum,servedNum,totalNum,coldfreq,avgcommcost,avginstancost,avgLatenCost,avgruncost,avgcost
10353,37575,112197,0.275529,0.178483,11.1618,11.3403,0.674921,12.0162
2023-06-05 13:02:34
timeslot,id,type,commCost,runCost,InstanCost,iscold,singleCost
Topo name ,config/site-optus-melbCBD.csv
Request file ,config/sorted.csv
CommCostPara,1
MemCap,10000
NodeNum,10
Beta,1
SlotNum,30
ReduFactor,10
Alpha,0.01
cpuFreq,3
coldNum,servedNum,totalNum,coldfreq,avgcommcost,avginstancost,avgLatenCost,avgruncost,avgcost
10008,37866,112197,0.2643,0.18373,10.8176,11.0013,3.36352,14.368
2023-06-05 13:03:03
timeslot,id,type,commCost,runCost,InstanCost,iscold,singleCost
Topo name ,config/site-optus-melbCBD.csv
Request file ,config/sorted.csv
CommCostPara,1
MemCap,10000
NodeNum,10
Beta,1
SlotNum,30
ReduFactor,10
Alpha,0.015
cpuFreq,3
coldNum,servedNum,totalNum,coldfreq,avgcommcost,avginstancost,avgLatenCost,avgruncost,avgcost
9781,39153,112197,0.249815,0.161618,10.3897,10.5513,4.89585,15.4549
