 , ,,,,,,,,,,
Time,2023-06-03 08:38:42.369678327 +0100 BST m=+0.103777060,,,,,,,,,,
Toponame,./config/pi_nodes.csv,,,,,,,,,,
RequestFile,./config/sorted.csv,,,,,,,,,,
MemCap,1000,,,,,,,,,,
NodeNum,10,,,,,,,,,,
Beta,0.5,,,,,,,,,,
SlotNum,30,,,,,,,,,,
ReduFactor,10000,,,,,,,,,,
Token,local,,,,,,,,,,
Alpha,0.001,,,,,,,,,coldstart,
CommCostPara,1,,,,,,,,,,
Testbed,0,,,,,,,,,,0.34
CpuFreq,3,,,,,,,,,,0.31
 , ,,,,,,,,,,0.33
ID,funcType,commCost,runCost,instanCost,iscold,singlecost,,,,,0.32
0,1,0,0.17,18.62,1,18.78,,,,,0.38
1,1,0,0.17,18.62,1,18.78,,,,,
2,1,0,0.17,18.62,1,18.78,,,,,
3,1,0,0.17,18.62,1,18.78,,,,,
4,1,0,0.17,18.62,1,18.78,,,,,
5,1,0,0.17,18.62,1,18.78,,,,,
6,1,0,0.17,18.62,1,18.78,,,,,
7,1,0,0.17,18.62,1,18.78,,,,,
8,2,0,0.48,52.98,1,53.46,,,,,
9,2,0,0.48,52.98,1,53.46,,,,,
10,2,0,0.48,52.98,1,53.46,,,,,
11,2,0,0.48,52.98,1,53.46,,,,,
12,2,0,0.48,52.98,1,53.46,,,,,
13,2,0,0.48,52.98,1,53.46,,,,,
14,2,0,0.48,52.98,1,53.46,,,,,
15,2,0,0.48,52.98,1,53.46,,,,,
16,2,0,0.48,52.98,1,53.46,,,,,
8475,3,0,0.99,110.37,1,111.36,,,,,
8477,3,0,0.99,110.37,1,111.36,,,,,
8478,3,0,0.99,110.37,1,111.36,,,,,
8479,3,0,0.99,110.37,1,111.36,,,,,
8480,3,0,0.99,110.37,1,111.36,,,,,
8481,3,0,0.99,110.37,1,111.36,,,,,
8482,3,0,0.99,110.37,1,111.36,,,,,
15649,4,0,0.28,30.59,1,30.87,,,,,
15650,4,0,0.28,30.59,1,30.87,,,,,
17,2,0,0.48,0,0,0.48,,,,,
18,2,1.42,0.48,0,0,1.89,,,,,
19,2,0,0.48,52.98,1,53.46,,,,,
20,2,0,0.48,52.98,1,53.46,,,,,
21,2,0,0.48,52.98,1,53.46,,,,,
22,2,0,0.48,52.98,1,53.46,,,,,
23,2,0,0.48,52.98,1,53.46,,,,,
24,2,0,0.48,52.98,1,53.46,,,,,
25,2,0,0.48,52.98,1,53.46,,,,,
8483,3,0,0.99,0,0,0.99,,,,,
8484,3,1.42,0.99,0,0,2.41,,,,,
8487,3,0,0.99,110.37,1,111.36,,,,,
8488,3,0,0.99,110.37,1,111.36,,,,,
8489,3,0,0.99,110.37,1,111.36,,,,,
15651,4,0,0.28,0,0,0.28,,,,,
15652,4,0.29,0.28,0,0,0.56,,,,,
15653,4,0,0.28,30.59,1,30.87,,,,,
26,2,0,0.48,0,0,0.48,,,,,
27,2,1.42,0.48,0,0,1.89,,,,,
28,2,0,0.48,52.98,1,53.46,,,,,
29,2,0,0.48,52.98,1,53.46,,,,,
30,2,0,0.48,52.98,1,53.46,,,,,
31,2,0,0.48,52.98,1,53.46,,,,,
32,2,0,0.48,52.98,1,53.46,,,,,
33,2,0,0.48,52.98,1,53.46,,,,,
34,2,0,0.48,52.98,1,53.46,,,,,
8490,3,0,0.99,0,0,0.99,,,,,
8491,3,1.5,0.99,0,0,2.5,,,,,
8495,3,0,0.99,110.37,1,111.36,,,,,
8496,3,0,0.99,110.37,1,111.36,,,,,
15654,4,0,0.28,0,0,0.28,,,,,
15655,4,0.46,0.28,0,0,0.74,,,,,
15656,4,0,0.28,30.59,1,30.87,,,,,
35,2,0,0.48,0,0,0.48,,,,,
36,2,1.42,0.48,0,0,1.89,,,,,
37,2,0,0.48,52.98,1,53.46,,,,,
38,2,0,0.48,52.98,1,53.46,,,,,
39,2,0,0.48,52.98,1,53.46,,,,,
40,2,0,0.48,52.98,1,53.46,,,,,
42,2,0,0.48,52.98,1,53.46,,,,,
43,2,0,0.48,52.98,1,53.46,,,,,
8497,3,0,0.99,0,0,0.99,,,,,
8498,3,1.5,0.99,0,0,2.5,,,,,
15657,4,0,0.28,0,0,0.28,,,,,
15659,4,0,0.28,30.59,1,30.87,,,,,
44,2,0,0.48,0,0,0.48,,,,,
45,2,1.42,0.48,0,0,1.89,,,,,
46,2,0,0.48,52.98,1,53.46,,,,,
49,2,0,0.48,52.98,1,53.46,,,,,
51,2,0,0.48,52.98,1,53.46,,,,,
8504,3,0,0.99,0,0,0.99,,,,,
8505,3,1.5,0.99,0,0,2.5,,,,,
8510,3,0,0.99,110.37,1,111.36,,,,,
15660,4,0,0.28,0,0,0.28,,,,,
15661,4,0.46,0.28,0,0,0.74,,,,,
53,2,0,0.48,0,0,0.48,,,,,
54,2,1.42,0.48,0,0,1.89,,,,,
56,2,0,0.48,52.98,1,53.46,,,,,
57,2,0,0.48,52.98,1,53.46,,,,,
58,2,0,0.48,52.98,1,53.46,,,,,
59,2,0,0.48,52.98,1,53.46,,,,,
61,2,0,0.48,52.98,1,53.46,,,,,
8511,3,0,0.99,0,0,0.99,,,,,
8512,3,1.5,0.99,0,0,2.5,,,,,
15663,4,0,0.28,0,0,0.28,,,,,
15664,4,0.46,0.28,0,0,0.74,,,,,
15665,4,0,0.28,30.59,1,30.87,,,,,
62,2,0,0.48,0,0,0.48,,,,,
63,2,1.42,0.48,0,0,1.89,,,,,
65,2,0,0.48,52.98,1,53.46,,,,,
66,2,0,0.48,52.98,1,53.46,,,,,
70,2,0,0.48,52.98,1,53.46,,,,,
8518,3,0,0.99,0,0,0.99,,,,,
8519,3,1.5,0.99,0,0,2.5,,,,,
15666,4,0,0.28,0,0,0.28,,,,,
15667,4,0.46,0.28,0,0,0.74,,,,,
71,2,0,0.48,0,0,0.48,,,,,
72,2,1.42,0.48,0,0,1.89,,,,,
79,2,0,0.48,52.98,1,53.46,,,,,
8525,3,0,0.99,0,0,0.99,,,,,
8526,3,1.5,0.99,0,0,2.5,,,,,
15669,4,0,0.28,0,0,0.28,,,,,
15670,4,0.46,0.28,0,0,0.74,,,,,
82,2,0,0.48,0,0,0.48,,,,,
83,2,1.42,0.48,0,0,1.89,,,,,
8532,3,0,0.99,0,0,0.99,,,,,
8533,3,1.5,0.99,0,0,2.5,,,,,
15672,4,0,0.28,0,0,0.28,,,,,
15673,4,0.46,0.28,0,0,0.74,,,,,
91,2,0,0.48,0,0,0.48,,,,,
92,2,1.42,0.48,0,0,1.89,,,,,
99,2,0,0.48,52.98,1,53.46,,,,,
101,2,0,0.48,52.98,1,53.46,,,,,
8539,3,0,0.99,0,0,0.99,,,,,
15675,4,0,0.28,0,0,0.28,,,,,
15676,4,0.46,0.28,0,0,0.74,,,,,
102,2,0,0.48,0,0,0.48,,,,,
103,2,1.5,0.48,0,0,1.98,,,,,
8546,3,0,0.99,0,0,0.99,,,,,
15678,4,0,0.28,0,0,0.28,,,,,
15680,4,0,0.28,30.59,1,30.87,,,,,
111,2,0,0.48,0,0,0.48,,,,,
112,2,1.5,0.48,0,0,1.98,,,,,
8553,3,0,0.99,0,0,0.99,,,,,
15681,4,0,0.28,0,0,0.28,,,,,
15682,4,0.46,0.28,0,0,0.74,,,,,
120,2,0,0.48,0,0,0.48,,,,,
121,2,1.5,0.48,0,0,1.98,,,,,
122,2,0,0.48,52.98,1,53.46,,,,,
126,2,0,0.48,52.98,1,53.46,,,,,
8560,3,0,0.99,0,0,0.99,,,,,
15684,4,0,0.28,0,0,0.28,,,,,
129,2,0,0.48,0,0,0.48,,,,,
130,2,1.5,0.48,0,0,1.98,,,,,
136,2,0,0.48,52.98,1,53.46,,,,,
8567,3,0,0.99,0,0,0.99,,,,,
15687,4,0,0.28,0,0,0.28,,,,,
138,2,0,0.48,0,0,0.48,,,,,
139,2,1.5,0.48,0,0,1.98,,,,,
8574,3,0,0.99,0,0,0.99,,,,,
15690,4,0,0.28,0,0,0.28,,,,,
147,2,0,0.48,0,0,0.48,,,,,
148,2,1.5,0.48,0,0,1.98,,,,,
8581,3,0,0.99,0,0,0.99,,,,,
15693,4,0,0.28,0,0,0.28,,,,,
156,2,0,0.48,0,0,0.48,,,,,
157,2,1.5,0.48,0,0,1.98,,,,,
8588,3,0,0.99,0,0,0.99,,,,,
8593,3,0,0.99,110.37,1,111.36,,,,,
15696,4,0,0.28,0,0,0.28,,,,,
165,2,0,0.48,0,0,0.48,,,,,
166,2,1.5,0.48,0,0,1.98,,,,,
8595,3,0,0.99,0,0,0.99,,,,,
8596,3,1.38,0.99,0,0,2.38,,,,,
15699,4,0,0.28,0,0,0.28,,,,,
174,2,0,0.48,0,0,0.48,,,,,
175,2,1.5,0.48,0,0,1.98,,,,,
8602,3,0,0.99,0,0,0.99,,,,,
8603,3,1.38,0.99,0,0,2.38,,,,,
15702,4,0,0.28,0,0,0.28,,,,,
183,2,0,0.48,0,0,0.48,,,,,
184,2,1.5,0.48,0,0,1.98,,,,,
8609,3,0,0.99,0,0,0.99,,,,,
8610,3,1.38,0.99,0,0,2.38,,,,,
15704,4,0,0.28,0,0,0.28,,,,,
192,2,0,0.48,0,0,0.48,,,,,
193,2,1.5,0.48,0,0,1.98,,,,,
8616,3,0,0.99,0,0,0.99,,,,,
8617,3,1.38,0.99,0,0,2.38,,,,,
15707,4,0,0.28,0,0,0.28,,,,,
201,2,0,0.48,0,0,0.48,,,,,
202,2,1.5,0.48,0,0,1.98,,,,,
8623,3,0,0.99,0,0,0.99,,,,,
8624,3,1.38,0.99,0,0,2.38,,,,,
15710,4,0,0.28,0,0,0.28,,,,,
210,2,0,0.48,0,0,0.48,,,,,
211,2,1.5,0.48,0,0,1.98,,,,,
8630,3,0,0.99,0,0,0.99,,,,,
8631,3,1.38,0.99,0,0,2.38,,,,,
15713,4,0,0.28,0,0,0.28,,,,,
219,2,0,0.48,0,0,0.48,,,,,
220,2,1.5,0.48,0,0,1.98,,,,,
8637,3,0,0.99,0,0,0.99,,,,,
8638,3,1.38,0.99,0,0,2.38,,,,,
15716,4,0,0.28,0,0,0.28,,,,,
228,2,0,0.48,0,0,0.48,,,,,
229,2,1.5,0.48,0,0,1.98,,,,,
8644,3,0,0.99,0,0,0.99,,,,,
8645,3,1.38,0.99,0,0,2.38,,,,,
15719,4,0,0.28,0,0,0.28,,,,,
237,2,0,0.48,0,0,0.48,,,,,
238,2,1.5,0.48,0,0,1.98,,,,,
8651,3,0,0.99,0,0,0.99,,,,,
8652,3,1.38,0.99,0,0,2.38,,,,,
15722,4,0,0.28,0,0,0.28,,,,,
246,2,0,0.48,0,0,0.48,,,,,
247,2,1.5,0.48,0,0,1.98,,,,,
8658,3,0,0.99,0,0,0.99,,,,,
8659,3,1.38,0.99,0,0,2.38,,,,,
15725,4,0,0.28,0,0,0.28,,,,,
255,2,0,0.48,0,0,0.48,,,,,
256,2,1.5,0.48,0,0,1.98,,,,,
8665,3,0,0.99,0,0,0.99,,,,,
8666,3,1.38,0.99,0,0,2.38,,,,,
15728,4,0,0.28,0,0,0.28,,,,,
264,2,0,0.48,0,0,0.48,,,,,
265,2,1.5,0.48,0,0,1.98,,,,,
8672,3,0,0.99,0,0,0.99,,,,,
8673,3,1.38,0.99,0,0,2.38,,,,,
15731,4,0,0.28,0,0,0.28,,,,,
273,2,0,0.48,0,0,0.48,,,,,
274,2,1.5,0.48,0,0,1.98,,,,,
8679,3,0,0.99,0,0,0.99,,,,,
8680,3,1.38,0.99,0,0,2.38,,,,,
15734,4,0,0.28,0,0,0.28,,,,,
coldnum,servednum,totalnum,coldfreq,commcost,instancost,latencycost,runcost,avgcost,,,
75,221,581,0.34,0.35,19.66,20.01,0.57,20.58,,,
 , ,,,,,,,,,,
Time,2023-06-03 08:38:48.195144979 +0100 BST m=+0.102606928,,,,,,,,,,
Toponame,./config/pi_nodes.csv,,,,,,,,,,
RequestFile,./config/sorted.csv,,,,,,,,,,
MemCap,1000,,,,,,,,,,
NodeNum,10,,,,,,,,,,
Beta,0.5,,,,,,,,,,
SlotNum,30,,,,,,,,,,
ReduFactor,10000,,,,,,,,,,
Token,local,,,,,,,,,,
Alpha,0.005,,,,,,,,,,
CommCostPara,1,,,,,,,,,,
Testbed,0,,,,,,,,,,
CpuFreq,3,,,,,,,,,,
 , ,,,,,,,,,,
ID,funcType,commCost,runCost,instanCost,iscold,singlecost,,,,,
0,1,0,0.84,18.62,1,19.45,,,,,
1,1,0,0.84,18.62,1,19.45,,,,,
2,1,0,0.84,18.62,1,19.45,,,,,
3,1,0,0.84,18.62,1,19.45,,,,,
4,1,0,0.84,18.62,1,19.45,,,,,
5,1,0,0.84,18.62,1,19.45,,,,,
6,1,0,0.84,18.62,1,19.45,,,,,
7,1,0,0.84,18.62,1,19.45,,,,,
8,2,0,2.38,52.98,1,55.36,,,,,
9,2,0,2.38,52.98,1,55.36,,,,,
10,2,0,2.38,52.98,1,55.36,,,,,
11,2,0,2.38,52.98,1,55.36,,,,,
12,2,0,2.38,52.98,1,55.36,,,,,
13,2,0,2.38,52.98,1,55.36,,,,,
14,2,0,2.38,52.98,1,55.36,,,,,
15,2,0,2.38,52.98,1,55.36,,,,,
16,2,0,2.38,52.98,1,55.36,,,,,
8475,3,0,4.97,110.37,1,115.34,,,,,
8477,3,0,4.97,110.37,1,115.34,,,,,
8478,3,0,4.97,110.37,1,115.34,,,,,
8479,3,0,4.97,110.37,1,115.34,,,,,
8480,3,0,4.97,110.37,1,115.34,,,,,
8481,3,0,4.97,110.37,1,115.34,,,,,
8482,3,0,4.97,110.37,1,115.34,,,,,
15649,4,0,1.38,30.59,1,31.97,,,,,
15650,4,0,1.38,30.59,1,31.97,,,,,
17,2,0,2.38,0,0,2.38,,,,,
18,2,1.42,2.38,0,0,3.8,,,,,
19,2,0,2.38,52.98,1,55.36,,,,,
20,2,0,2.38,52.98,1,55.36,,,,,
21,2,0,2.38,52.98,1,55.36,,,,,
22,2,0,2.38,52.98,1,55.36,,,,,
23,2,0,2.38,52.98,1,55.36,,,,,
24,2,0,2.38,52.98,1,55.36,,,,,
25,2,0,2.38,52.98,1,55.36,,,,,
8483,3,0,4.97,0,0,4.97,,,,,
8484,3,1.42,4.97,0,0,6.38,,,,,
8486,3,0,4.97,110.37,1,115.34,,,,,
8487,3,0,4.97,110.37,1,115.34,,,,,
8488,3,0,4.97,110.37,1,115.34,,,,,
8489,3,0,4.97,110.37,1,115.34,,,,,
15651,4,0,1.38,0,0,1.38,,,,,
15652,4,0,1.38,30.59,1,31.97,,,,,
15653,4,0,1.38,30.59,1,31.97,,,,,
26,2,0,2.38,0,0,2.38,,,,,
27,2,1.42,2.38,0,0,3.8,,,,,
28,2,0,2.38,52.98,1,55.36,,,,,
29,2,0,2.38,52.98,1,55.36,,,,,
31,2,0,2.38,52.98,1,55.36,,,,,
32,2,0,2.38,52.98,1,55.36,,,,,
33,2,0,2.38,52.98,1,55.36,,,,,
34,2,0,2.38,52.98,1,55.36,,,,,
8490,3,0,4.97,0,0,4.97,,,,,
8491,3,1.5,4.97,0,0,6.47,,,,,
8495,3,0,4.97,110.37,1,115.34,,,,,
8496,3,0,4.97,110.37,1,115.34,,,,,
15654,4,0,1.38,0,0,1.38,,,,,
15655,4,0.46,1.38,0,0,1.84,,,,,
15656,4,0,1.38,30.59,1,31.97,,,,,
35,2,0,2.38,0,0,2.38,,,,,
36,2,1.42,2.38,0,0,3.8,,,,,
40,2,0,2.38,52.98,1,55.36,,,,,
41,2,0,2.38,52.98,1,55.36,,,,,
43,2,0,2.38,52.98,1,55.36,,,,,
8497,3,0,4.97,0,0,4.97,,,,,
8498,3,1.5,4.97,0,0,6.47,,,,,
8502,3,0,4.97,110.37,1,115.34,,,,,
15657,4,0,1.38,0,0,1.38,,,,,
15658,4,0,1.38,30.59,1,31.97,,,,,
15659,4,0,1.38,30.59,1,31.97,,,,,
44,2,0,2.38,0,0,2.38,,,,,
45,2,1.42,2.38,0,0,3.8,,,,,
50,2,0,2.38,52.98,1,55.36,,,,,
8504,3,0,4.97,0,0,4.97,,,,,
8505,3,1.5,4.97,0,0,6.47,,,,,
15660,4,0,1.38,0,0,1.38,,,,,
15661,4,0,1.38,0,0,1.38,,,,,
15662,4,0,1.38,0,0,1.38,,,,,
53,2,0,2.38,0,0,2.38,,,,,
54,2,1.42,2.38,0,0,3.8,,,,,
55,2,0,2.38,52.98,1,55.36,,,,,
56,2,0,2.38,52.98,1,55.36,,,,,
57,2,0,2.38,52.98,1,55.36,,,,,
58,2,0,2.38,52.98,1,55.36,,,,,
60,2,0,2.38,52.98,1,55.36,,,,,
8511,3,0,4.97,0,0,4.97,,,,,
8512,3,1.5,4.97,0,0,6.47,,,,,
15663,4,0,1.38,0,0,1.38,,,,,
15664,4,0,1.38,0,0,1.38,,,,,
15665,4,0,1.38,0,0,1.38,,,,,
62,2,0,2.38,0,0,2.38,,,,,
63,2,1.42,2.38,0,0,3.8,,,,,
64,2,0,2.38,52.98,1,55.36,,,,,
65,2,0,2.38,52.98,1,55.36,,,,,
66,2,0,2.38,52.98,1,55.36,,,,,
67,2,0,2.38,52.98,1,55.36,,,,,
69,2,0,2.38,52.98,1,55.36,,,,,
70,2,0,2.38,52.98,1,55.36,,,,,
8518,3,0,4.97,0,0,4.97,,,,,
8519,3,1.5,4.97,0,0,6.47,,,,,
15666,4,0,1.38,0,0,1.38,,,,,
15667,4,0,1.38,0,0,1.38,,,,,
15668,4,0,1.38,0,0,1.38,,,,,
71,2,0,2.38,0,0,2.38,,,,,
72,2,1.42,2.38,0,0,3.8,,,,,
79,2,0,2.38,52.98,1,55.36,,,,,
80,2,0,2.38,52.98,1,55.36,,,,,
81,2,0,2.38,52.98,1,55.36,,,,,
8525,3,0,4.97,0,0,4.97,,,,,
8526,3,1.5,4.97,0,0,6.47,,,,,
15669,4,0,1.38,0,0,1.38,,,,,
15670,4,0,1.38,0,0,1.38,,,,,
15671,4,0,1.38,0,0,1.38,,,,,
82,2,0,2.38,0,0,2.38,,,,,
83,2,1.5,2.38,0,0,3.89,,,,,
8532,3,0,4.97,0,0,4.97,,,,,
8533,3,1.5,4.97,0,0,6.47,,,,,
15672,4,0,1.38,0,0,1.38,,,,,
15673,4,0,1.38,0,0,1.38,,,,,
15674,4,0,1.38,0,0,1.38,,,,,
91,2,0,2.38,0,0,2.38,,,,,
92,2,1.5,2.38,0,0,3.89,,,,,
99,2,0,2.38,52.98,1,55.36,,,,,
101,2,0,2.38,52.98,1,55.36,,,,,
8539,3,0,4.97,0,0,4.97,,,,,
8540,3,1.5,4.97,0,0,6.47,,,,,
15675,4,0,1.38,0,0,1.38,,,,,
15676,4,0,1.38,0,0,1.38,,,,,
15677,4,0,1.38,0,0,1.38,,,,,
102,2,0,2.38,0,0,2.38,,,,,
103,2,1.5,2.38,0,0,3.89,,,,,
105,2,0,2.38,52.98,1,55.36,,,,,
8546,3,0,4.97,0,0,4.97,,,,,
8547,3,1.5,4.97,0,0,6.47,,,,,
15678,4,0,1.38,0,0,1.38,,,,,
15679,4,0.46,1.38,0,0,1.84,,,,,
111,2,0,2.38,0,0,2.38,,,,,
112,2,1.5,2.38,0,0,3.89,,,,,
113,2,0,2.38,52.98,1,55.36,,,,,
118,2,0,2.38,52.98,1,55.36,,,,,
8553,3,0,4.97,0,0,4.97,,,,,
8554,3,1.5,4.97,0,0,6.47,,,,,
15681,4,0,1.38,0,0,1.38,,,,,
15683,4,0,1.38,30.59,1,31.97,,,,,
120,2,0,2.38,0,0,2.38,,,,,
121,2,1.5,2.38,0,0,3.89,,,,,
8560,3,0,4.97,0,0,4.97,,,,,
8561,3,1.5,4.97,0,0,6.47,,,,,
15684,4,0,1.38,0,0,1.38,,,,,
15685,4,0.46,1.38,0,0,1.84,,,,,
129,2,0,2.38,0,0,2.38,,,,,
130,2,1.5,2.38,0,0,3.89,,,,,
8567,3,0,4.97,0,0,4.97,,,,,
8568,3,1.5,4.97,0,0,6.47,,,,,
15687,4,0,1.38,0,0,1.38,,,,,
15688,4,0.46,1.38,0,0,1.84,,,,,
138,2,0,2.38,0,0,2.38,,,,,
139,2,1.5,2.38,0,0,3.89,,,,,
8574,3,0,4.97,0,0,4.97,,,,,
8575,3,1.5,4.97,0,0,6.47,,,,,
15690,4,0,1.38,0,0,1.38,,,,,
15691,4,0.46,1.38,0,0,1.84,,,,,
147,2,0,2.38,0,0,2.38,,,,,
148,2,1.5,2.38,0,0,3.89,,,,,
8581,3,0,4.97,0,0,4.97,,,,,
8582,3,1.5,4.97,0,0,6.47,,,,,
15693,4,0,1.38,0,0,1.38,,,,,
15694,4,0.46,1.38,0,0,1.84,,,,,
156,2,0,2.38,0,0,2.38,,,,,
157,2,1.5,2.38,0,0,3.89,,,,,
8588,3,0,4.97,0,0,4.97,,,,,
8589,3,1.5,4.97,0,0,6.47,,,,,
15696,4,0,1.38,0,0,1.38,,,,,
15697,4,0.46,1.38,0,0,1.84,,,,,
165,2,0,2.38,0,0,2.38,,,,,
166,2,1.5,2.38,0,0,3.89,,,,,
8595,3,0,4.97,0,0,4.97,,,,,
8596,3,1.5,4.97,0,0,6.47,,,,,
15699,4,0,1.38,0,0,1.38,,,,,
15700,4,0.46,1.38,0,0,1.84,,,,,
174,2,0,2.38,0,0,2.38,,,,,
175,2,1.5,2.38,0,0,3.89,,,,,
8602,3,0,4.97,0,0,4.97,,,,,
8603,3,1.5,4.97,0,0,6.47,,,,,
15702,4,0,1.38,0,0,1.38,,,,,
15703,4,0.55,1.38,0,0,1.93,,,,,
183,2,0,2.38,0,0,2.38,,,,,
184,2,1.5,2.38,0,0,3.89,,,,,
8609,3,0,4.97,0,0,4.97,,,,,
8610,3,1.5,4.97,0,0,6.47,,,,,
15704,4,0,1.38,0,0,1.38,,,,,
15705,4,0.46,1.38,0,0,1.84,,,,,
192,2,0,2.38,0,0,2.38,,,,,
193,2,1.5,2.38,0,0,3.89,,,,,
8616,3,0,4.97,0,0,4.97,,,,,
8617,3,1.5,4.97,0,0,6.47,,,,,
15707,4,0,1.38,0,0,1.38,,,,,
15708,4,0.46,1.38,0,0,1.84,,,,,
201,2,0,2.38,0,0,2.38,,,,,
202,2,1.5,2.38,0,0,3.89,,,,,
8623,3,0,4.97,0,0,4.97,,,,,
8624,3,1.5,4.97,0,0,6.47,,,,,
15710,4,0,1.38,0,0,1.38,,,,,
15711,4,0.46,1.38,0,0,1.84,,,,,
210,2,0,2.38,0,0,2.38,,,,,
211,2,1.5,2.38,0,0,3.89,,,,,
8630,3,0,4.97,0,0,4.97,,,,,
8631,3,1.5,4.97,0,0,6.47,,,,,
15713,4,0,1.38,0,0,1.38,,,,,
15714,4,0.46,1.38,0,0,1.84,,,,,
219,2,0,2.38,0,0,2.38,,,,,
220,2,1.5,2.38,0,0,3.89,,,,,
8637,3,0,4.97,0,0,4.97,,,,,
8638,3,1.5,4.97,0,0,6.47,,,,,
15716,4,0,1.38,0,0,1.38,,,,,
15717,4,0.46,1.38,0,0,1.84,,,,,
228,2,0,2.38,0,0,2.38,,,,,
229,2,1.5,2.38,0,0,3.89,,,,,
8644,3,0,4.97,0,0,4.97,,,,,
8645,3,1.5,4.97,0,0,6.47,,,,,
15719,4,0,1.38,0,0,1.38,,,,,
15720,4,0.46,1.38,0,0,1.84,,,,,
237,2,0,2.38,0,0,2.38,,,,,
238,2,1.5,2.38,0,0,3.89,,,,,
8651,3,0,4.97,0,0,4.97,,,,,
8652,3,1.5,4.97,0,0,6.47,,,,,
15722,4,0,1.38,0,0,1.38,,,,,
15723,4,0.46,1.38,0,0,1.84,,,,,
246,2,0,2.38,0,0,2.38,,,,,
247,2,1.5,2.38,0,0,3.89,,,,,
8658,3,0,4.97,0,0,4.97,,,,,
8659,3,1.5,4.97,0,0,6.47,,,,,
15725,4,0,1.38,0,0,1.38,,,,,
15727,4,0,1.38,30.59,1,31.97,,,,,
255,2,0,2.38,0,0,2.38,,,,,
256,2,1.5,2.38,0,0,3.89,,,,,
8665,3,0,4.97,0,0,4.97,,,,,
8666,3,1.5,4.97,0,0,6.47,,,,,
15728,4,0,1.38,0,0,1.38,,,,,
15729,4,0.46,1.38,0,0,1.84,,,,,
264,2,0,2.38,0,0,2.38,,,,,
265,2,1.5,2.38,0,0,3.89,,,,,
8672,3,0,4.97,0,0,4.97,,,,,
8673,3,1.5,4.97,0,0,6.47,,,,,
15731,4,0,1.38,0,0,1.38,,,,,
15733,4,0,1.38,30.59,1,31.97,,,,,
273,2,0,2.38,0,0,2.38,,,,,
274,2,1.5,2.38,0,0,3.89,,,,,
8679,3,0,4.97,0,0,4.97,,,,,
8680,3,1.5,4.97,0,0,6.47,,,,,
15734,4,0,1.38,0,0,1.38,,,,,
15735,4,0.46,1.38,0,0,1.84,,,,,
coldnum,servednum,totalnum,coldfreq,commcost,instancost,latencycost,runcost,avgcost,,,
77,252,581,0.31,0.38,17.4,17.77,2.8,20.57,,,
 , ,,,,,,,,,,
Time,2023-06-03 08:38:56.743180666 +0100 BST m=+0.108081788,,,,,,,,,,
Toponame,./config/pi_nodes.csv,,,,,,,,,,
RequestFile,./config/sorted.csv,,,,,,,,,,
MemCap,1000,,,,,,,,,,
NodeNum,10,,,,,,,,,,
Beta,0.5,,,,,,,,,,
SlotNum,30,,,,,,,,,,
ReduFactor,10000,,,,,,,,,,
Token,local,,,,,,,,,,
Alpha,0.01,,,,,,,,,,
CommCostPara,1,,,,,,,,,,
Testbed,0,,,,,,,,,,
CpuFreq,3,,,,,,,,,,
 , ,,,,,,,,,,
ID,funcType,commCost,runCost,instanCost,iscold,singlecost,,,,,
0,1,0,1.68,18.62,1,20.29,,,,,
1,1,0,1.68,18.62,1,20.29,,,,,
2,1,0,1.68,18.62,1,20.29,,,,,
3,1,0,1.68,18.62,1,20.29,,,,,
4,1,0,1.68,18.62,1,20.29,,,,,
5,1,0,1.68,18.62,1,20.29,,,,,
6,1,0,1.68,18.62,1,20.29,,,,,
7,1,0,1.68,18.62,1,20.29,,,,,
8,2,0,4.77,52.98,1,57.75,,,,,
9,2,0,4.77,52.98,1,57.75,,,,,
10,2,0,4.77,52.98,1,57.75,,,,,
11,2,0,4.77,52.98,1,57.75,,,,,
12,2,0,4.77,52.98,1,57.75,,,,,
13,2,0,4.77,52.98,1,57.75,,,,,
14,2,0,4.77,52.98,1,57.75,,,,,
15,2,0,4.77,52.98,1,57.75,,,,,
16,2,0,4.77,52.98,1,57.75,,,,,
8475,3,0,9.93,110.37,1,120.3,,,,,
8477,3,0,9.93,110.37,1,120.3,,,,,
8478,3,0,9.93,110.37,1,120.3,,,,,
8479,3,0,9.93,110.37,1,120.3,,,,,
8480,3,0,9.93,110.37,1,120.3,,,,,
8481,3,0,9.93,110.37,1,120.3,,,,,
8482,3,0,9.93,110.37,1,120.3,,,,,
15649,4,0,2.75,30.59,1,33.34,,,,,
15650,4,0,2.75,30.59,1,33.34,,,,,
17,2,0,4.77,0,0,4.77,,,,,
18,2,1.42,4.77,0,0,6.18,,,,,
19,2,0,4.77,52.98,1,57.75,,,,,
20,2,0,4.77,52.98,1,57.75,,,,,
21,2,0,4.77,52.98,1,57.75,,,,,
22,2,0,4.77,52.98,1,57.75,,,,,
23,2,0,4.77,52.98,1,57.75,,,,,
24,2,0,4.77,52.98,1,57.75,,,,,
25,2,0,4.77,52.98,1,57.75,,,,,
8483,3,0,9.93,0,0,9.93,,,,,
8484,3,1.42,9.93,0,0,11.35,,,,,
8487,3,0,9.93,110.37,1,120.3,,,,,
8488,3,0,9.93,110.37,1,120.3,,,,,
8489,3,0,9.93,110.37,1,120.3,,,,,
15651,4,0,2.75,0,0,2.75,,,,,
15652,4,0.29,2.75,0,0,3.04,,,,,
15653,4,0,2.75,30.59,1,33.34,,,,,
26,2,0,4.77,0,0,4.77,,,,,
27,2,1.42,4.77,0,0,6.18,,,,,
28,2,0,4.77,52.98,1,57.75,,,,,
29,2,0,4.77,52.98,1,57.75,,,,,
30,2,0,4.77,52.98,1,57.75,,,,,
31,2,0,4.77,52.98,1,57.75,,,,,
32,2,0,4.77,52.98,1,57.75,,,,,
33,2,0,4.77,52.98,1,57.75,,,,,
34,2,0,4.77,52.98,1,57.75,,,,,
8490,3,0,9.93,0,0,9.93,,,,,
8491,3,1.5,9.93,0,0,11.44,,,,,
8495,3,0,9.93,110.37,1,120.3,,,,,
8496,3,0,9.93,110.37,1,120.3,,,,,
15654,4,0,2.75,0,0,2.75,,,,,
15655,4,0.46,2.75,0,0,3.22,,,,,
15656,4,0,2.75,30.59,1,33.34,,,,,
35,2,0,4.77,0,0,4.77,,,,,
36,2,1.42,4.77,0,0,6.18,,,,,
37,2,0,4.77,52.98,1,57.75,,,,,
38,2,0,4.77,52.98,1,57.75,,,,,
39,2,0,4.77,52.98,1,57.75,,,,,
40,2,0,4.77,52.98,1,57.75,,,,,
41,2,0,4.77,52.98,1,57.75,,,,,
43,2,0,4.77,52.98,1,57.75,,,,,
8497,3,0,9.93,0,0,9.93,,,,,
8498,3,1.5,9.93,0,0,11.44,,,,,
15657,4,0,2.75,0,0,2.75,,,,,
15658,4,0.46,2.75,0,0,3.22,,,,,
15659,4,0,2.75,30.59,1,33.34,,,,,
44,2,0,4.77,0,0,4.77,,,,,
45,2,1.42,4.77,0,0,6.18,,,,,
46,2,0,4.77,52.98,1,57.75,,,,,
49,2,0,4.77,52.98,1,57.75,,,,,
8504,3,0,9.93,0,0,9.93,,,,,
8505,3,1.5,9.93,0,0,11.44,,,,,
8510,3,0,9.93,110.37,1,120.3,,,,,
15660,4,0,2.75,0,0,2.75,,,,,
15661,4,0.46,2.75,0,0,3.22,,,,,
53,2,0,4.77,0,0,4.77,,,,,
54,2,1.42,4.77,0,0,6.18,,,,,
8511,3,0,9.93,0,0,9.93,,,,,
8512,3,1.5,9.93,0,0,11.44,,,,,
15663,4,0,2.75,0,0,2.75,,,,,
15665,4,0,2.75,30.59,1,33.34,,,,,
62,2,0,4.77,0,0,4.77,,,,,
63,2,1.42,4.77,0,0,6.18,,,,,
65,2,0,4.77,52.98,1,57.75,,,,,
67,2,0,4.77,52.98,1,57.75,,,,,
68,2,0,4.77,52.98,1,57.75,,,,,
70,2,0,4.77,52.98,1,57.75,,,,,
8518,3,0,9.93,0,0,9.93,,,,,
8519,3,1.5,9.93,0,0,11.44,,,,,
15666,4,0,2.75,0,0,2.75,,,,,
15667,4,0,2.75,30.59,1,33.34,,,,,
71,2,0,4.77,0,0,4.77,,,,,
72,2,1.42,4.77,0,0,6.18,,,,,
73,2,0,4.77,52.98,1,57.75,,,,,
76,2,0,4.77,52.98,1,57.75,,,,,
79,2,0,4.77,52.98,1,57.75,,,,,
80,2,0,4.77,52.98,1,57.75,,,,,
81,2,0,4.77,52.98,1,57.75,,,,,
8525,3,0,9.93,0,0,9.93,,,,,
8526,3,1.38,9.93,0,0,11.32,,,,,
15669,4,0,2.75,0,0,2.75,,,,,
15670,4,0,2.75,0,0,2.75,,,,,
82,2,0,4.77,0,0,4.77,,,,,
83,2,1.5,4.77,0,0,6.27,,,,,
86,2,0,4.77,52.98,1,57.75,,,,,
89,2,0,4.77,52.98,1,57.75,,,,,
8532,3,0,9.93,0,0,9.93,,,,,
8533,3,1.38,9.93,0,0,11.32,,,,,
15672,4,0,2.75,0,0,2.75,,,,,
15673,4,0,2.75,0,0,2.75,,,,,
91,2,0,4.77,0,0,4.77,,,,,
92,2,1.5,4.77,0,0,6.27,,,,,
99,2,0,4.77,52.98,1,57.75,,,,,
101,2,0,4.77,52.98,1,57.75,,,,,
8539,3,0,9.93,0,0,9.93,,,,,
8540,3,1.38,9.93,0,0,11.32,,,,,
15675,4,0,2.75,0,0,2.75,,,,,
15676,4,0,2.75,0,0,2.75,,,,,
102,2,0,4.77,0,0,4.77,,,,,
103,2,1.5,4.77,0,0,6.27,,,,,
109,2,0,4.77,52.98,1,57.75,,,,,
8546,3,0,9.93,0,0,9.93,,,,,
8547,3,1.38,9.93,0,0,11.32,,,,,
15678,4,0,2.75,0,0,2.75,,,,,
15679,4,0,2.75,0,0,2.75,,,,,
111,2,0,4.77,0,0,4.77,,,,,
112,2,1.5,4.77,0,0,6.27,,,,,
8553,3,0,9.93,0,0,9.93,,,,,
8554,3,1.38,9.93,0,0,11.32,,,,,
15681,4,0,2.75,0,0,2.75,,,,,
15682,4,0,2.75,0,0,2.75,,,,,
120,2,0,4.77,0,0,4.77,,,,,
121,2,1.5,4.77,0,0,6.27,,,,,
8560,3,0,9.93,0,0,9.93,,,,,
8561,3,1.38,9.93,0,0,11.32,,,,,
15684,4,0,2.75,0,0,2.75,,,,,
15685,4,0,2.75,30.59,1,33.34,,,,,
129,2,0,4.77,0,0,4.77,,,,,
130,2,1.5,4.77,0,0,6.27,,,,,
132,2,0,4.77,52.98,1,57.75,,,,,
8567,3,0,9.93,0,0,9.93,,,,,
8568,3,1.38,9.93,0,0,11.32,,,,,
15687,4,0,2.75,0,0,2.75,,,,,
138,2,0,4.77,0,0,4.77,,,,,
139,2,1.5,4.77,0,0,6.27,,,,,
8574,3,0,9.93,0,0,9.93,,,,,
8575,3,1.38,9.93,0,0,11.32,,,,,
15690,4,0,2.75,0,0,2.75,,,,,
147,2,0,4.77,0,0,4.77,,,,,
148,2,1.5,4.77,0,0,6.27,,,,,
8581,3,0,9.93,0,0,9.93,,,,,
8582,3,1.38,9.93,0,0,11.32,,,,,
15693,4,0,2.75,0,0,2.75,,,,,
156,2,0,4.77,0,0,4.77,,,,,
157,2,1.5,4.77,0,0,6.27,,,,,
8588,3,0,9.93,0,0,9.93,,,,,
8589,3,1.38,9.93,0,0,11.32,,,,,
15696,4,0,2.75,0,0,2.75,,,,,
165,2,0,4.77,0,0,4.77,,,,,
166,2,1.5,4.77,0,0,6.27,,,,,
8595,3,0,9.93,0,0,9.93,,,,,
8596,3,1.38,9.93,0,0,11.32,,,,,
15699,4,0,2.75,0,0,2.75,,,,,
174,2,0,4.77,0,0,4.77,,,,,
175,2,1.5,4.77,0,0,6.27,,,,,
8602,3,0,9.93,0,0,9.93,,,,,
8603,3,1.38,9.93,0,0,11.32,,,,,
15702,4,0,2.75,0,0,2.75,,,,,
183,2,0,4.77,0,0,4.77,,,,,
184,2,1.5,4.77,0,0,6.27,,,,,
8609,3,0,9.93,0,0,9.93,,,,,
8610,3,1.38,9.93,0,0,11.32,,,,,
15704,4,0,2.75,0,0,2.75,,,,,
192,2,0,4.77,0,0,4.77,,,,,
193,2,1.5,4.77,0,0,6.27,,,,,
8616,3,0,9.93,0,0,9.93,,,,,
8617,3,1.38,9.93,0,0,11.32,,,,,
15707,4,0,2.75,0,0,2.75,,,,,
201,2,0,4.77,0,0,4.77,,,,,
202,2,1.5,4.77,0,0,6.27,,,,,
8623,3,0,9.93,0,0,9.93,,,,,
8624,3,1.38,9.93,0,0,11.32,,,,,
15710,4,0,2.75,0,0,2.75,,,,,
210,2,0,4.77,0,0,4.77,,,,,
211,2,1.5,4.77,0,0,6.27,,,,,
8630,3,0,9.93,0,0,9.93,,,,,
8631,3,1.38,9.93,0,0,11.32,,,,,
15713,4,0,2.75,0,0,2.75,,,,,
219,2,0,4.77,0,0,4.77,,,,,
220,2,1.5,4.77,0,0,6.27,,,,,
8637,3,0,9.93,0,0,9.93,,,,,
8638,3,1.38,9.93,0,0,11.32,,,,,
15716,4,0,2.75,0,0,2.75,,,,,
228,2,0,4.77,0,0,4.77,,,,,
229,2,1.5,4.77,0,0,6.27,,,,,
8644,3,0,9.93,0,0,9.93,,,,,
8645,3,1.38,9.93,0,0,11.32,,,,,
15719,4,0,2.75,0,0,2.75,,,,,
237,2,0,4.77,0,0,4.77,,,,,
238,2,1.5,4.77,0,0,6.27,,,,,
8651,3,0,9.93,0,0,9.93,,,,,
8652,3,1.38,9.93,0,0,11.32,,,,,
15722,4,0,2.75,0,0,2.75,,,,,
246,2,0,4.77,0,0,4.77,,,,,
247,2,1.5,4.77,0,0,6.27,,,,,
8658,3,0,9.93,0,0,9.93,,,,,
8659,3,1.38,9.93,0,0,11.32,,,,,
15725,4,0,2.75,0,0,2.75,,,,,
255,2,0,4.77,0,0,4.77,,,,,
256,2,1.5,4.77,0,0,6.27,,,,,
8665,3,0,9.93,0,0,9.93,,,,,
8666,3,1.38,9.93,0,0,11.32,,,,,
15728,4,0,2.75,0,0,2.75,,,,,
264,2,0,4.77,0,0,4.77,,,,,
265,2,1.5,4.77,0,0,6.27,,,,,
271,2,0,4.77,52.98,1,57.75,,,,,
8672,3,0,9.93,0,0,9.93,,,,,
8673,3,1.38,9.93,0,0,11.32,,,,,
15731,4,0,2.75,0,0,2.75,,,,,
273,2,0,4.77,0,0,4.77,,,,,
274,2,1.5,4.77,0,0,6.27,,,,,
8679,3,0,9.93,0,0,9.93,,,,,
8680,3,1.38,9.93,0,0,11.32,,,,,
15734,4,0,2.75,0,0,2.75,,,,,
coldnum,servednum,totalnum,coldfreq,commcost,instancost,latencycost,runcost,avgcost,,,
76,230,581,0.33,0.37,18.78,19.15,5.85,25,,,
 , ,,,,,,,,,,
Time,2023-06-03 08:39:02.648361329 +0100 BST m=+0.134473787,,,,,,,,,,
Toponame,./config/pi_nodes.csv,,,,,,,,,,
RequestFile,./config/sorted.csv,,,,,,,,,,
MemCap,1000,,,,,,,,,,
NodeNum,10,,,,,,,,,,
Beta,0.5,,,,,,,,,,
SlotNum,30,,,,,,,,,,
ReduFactor,10000,,,,,,,,,,
Token,local,,,,,,,,,,
Alpha,0.02,,,,,,,,,,
CommCostPara,1,,,,,,,,,,
Testbed,0,,,,,,,,,,
CpuFreq,3,,,,,,,,,,
 , ,,,,,,,,,,
ID,funcType,commCost,runCost,instanCost,iscold,singlecost,,,,,
0,1,0,3.35,18.62,1,21.97,,,,,
1,1,0,3.35,18.62,1,21.97,,,,,
2,1,0,3.35,18.62,1,21.97,,,,,
3,1,0,3.35,18.62,1,21.97,,,,,
4,1,0,3.35,18.62,1,21.97,,,,,
5,1,0,3.35,18.62,1,21.97,,,,,
6,1,0,3.35,18.62,1,21.97,,,,,
7,1,0,3.35,18.62,1,21.97,,,,,
8,2,0,9.54,52.98,1,62.52,,,,,
9,2,0,9.54,52.98,1,62.52,,,,,
10,2,0,9.54,52.98,1,62.52,,,,,
11,2,0,9.54,52.98,1,62.52,,,,,
12,2,0,9.54,52.98,1,62.52,,,,,
13,2,0,9.54,52.98,1,62.52,,,,,
14,2,0,9.54,52.98,1,62.52,,,,,
15,2,0,9.54,52.98,1,62.52,,,,,
16,2,0,9.54,52.98,1,62.52,,,,,
8475,3,0,19.87,110.37,1,130.24,,,,,
8477,3,0,19.87,110.37,1,130.24,,,,,
8478,3,0,19.87,110.37,1,130.24,,,,,
8479,3,0,19.87,110.37,1,130.24,,,,,
8480,3,0,19.87,110.37,1,130.24,,,,,
8481,3,0,19.87,110.37,1,130.24,,,,,
8482,3,0,19.87,110.37,1,130.24,,,,,
15649,4,0,5.51,30.59,1,36.1,,,,,
15650,4,0,5.51,30.59,1,36.1,,,,,
17,2,0,9.54,0,0,9.54,,,,,
18,2,1.42,9.54,0,0,10.95,,,,,
19,2,0,9.54,52.98,1,62.52,,,,,
20,2,0,9.54,52.98,1,62.52,,,,,
21,2,0,9.54,52.98,1,62.52,,,,,
22,2,0,9.54,52.98,1,62.52,,,,,
23,2,0,9.54,52.98,1,62.52,,,,,
24,2,0,9.54,52.98,1,62.52,,,,,
25,2,0,9.54,52.98,1,62.52,,,,,
8483,3,0,19.87,0,0,19.87,,,,,
8484,3,1.42,19.87,0,0,21.28,,,,,
8486,3,0,19.87,110.37,1,130.24,,,,,
8487,3,0,19.87,110.37,1,130.24,,,,,
8488,3,0,19.87,110.37,1,130.24,,,,,
8489,3,0,19.87,110.37,1,130.24,,,,,
15651,4,0,5.51,0,0,5.51,,,,,
15652,4,0,5.51,30.59,1,36.1,,,,,
15653,4,0,5.51,30.59,1,36.1,,,,,
26,2,0,9.54,0,0,9.54,,,,,
27,2,1.42,9.54,0,0,10.95,,,,,
28,2,0,9.54,52.98,1,62.52,,,,,
29,2,0,9.54,52.98,1,62.52,,,,,
31,2,0,9.54,52.98,1,62.52,,,,,
32,2,0,9.54,52.98,1,62.52,,,,,
33,2,0,9.54,52.98,1,62.52,,,,,
34,2,0,9.54,52.98,1,62.52,,,,,
8490,3,0,19.87,0,0,19.87,,,,,
8491,3,1.5,19.87,0,0,21.37,,,,,
8495,3,0,19.87,110.37,1,130.24,,,,,
8496,3,0,19.87,110.37,1,130.24,,,,,
15654,4,0,5.51,0,0,5.51,,,,,
15655,4,0.46,5.51,0,0,5.97,,,,,
15656,4,0,5.51,30.59,1,36.1,,,,,
35,2,0,9.54,0,0,9.54,,,,,
36,2,1.42,9.54,0,0,10.95,,,,,
37,2,0,9.54,52.98,1,62.52,,,,,
38,2,0,9.54,52.98,1,62.52,,,,,
40,2,0,9.54,52.98,1,62.52,,,,,
43,2,0,9.54,52.98,1,62.52,,,,,
8497,3,0,19.87,0,0,19.87,,,,,
8498,3,1.5,19.87,0,0,21.37,,,,,
8503,3,0,19.87,110.37,1,130.24,,,,,
15657,4,0,5.51,0,0,5.51,,,,,
15658,4,0,5.51,30.59,1,36.1,,,,,
15659,4,0,5.51,30.59,1,36.1,,,,,
44,2,0,9.54,0,0,9.54,,,,,
45,2,1.42,9.54,0,0,10.95,,,,,
46,2,0,9.54,52.98,1,62.52,,,,,
47,2,0,9.54,52.98,1,62.52,,,,,
48,2,0,9.54,52.98,1,62.52,,,,,
49,2,0,9.54,52.98,1,62.52,,,,,
50,2,0,9.54,52.98,1,62.52,,,,,
8504,3,0,19.87,0,0,19.87,,,,,
8505,3,1.5,19.87,0,0,21.37,,,,,
15660,4,0,5.51,0,0,5.51,,,,,
15661,4,0,5.51,30.59,1,36.1,,,,,
15662,4,0,5.51,30.59,1,36.1,,,,,
53,2,0,9.54,0,0,9.54,,,,,
54,2,1.42,9.54,0,0,10.95,,,,,
57,2,0,9.54,52.98,1,62.52,,,,,
59,2,0,9.54,52.98,1,62.52,,,,,
60,2,0,9.54,52.98,1,62.52,,,,,
61,2,0,9.54,52.98,1,62.52,,,,,
8511,3,0,19.87,0,0,19.87,,,,,
8512,3,1.5,19.87,0,0,21.37,,,,,
15663,4,0,5.51,0,0,5.51,,,,,
15664,4,0,5.51,0,0,5.51,,,,,
15665,4,0,5.51,0,0,5.51,,,,,
62,2,0,9.54,0,0,9.54,,,,,
63,2,1.42,9.54,0,0,10.95,,,,,
64,2,0,9.54,52.98,1,62.52,,,,,
69,2,0,9.54,52.98,1,62.52,,,,,
70,2,0,9.54,52.98,1,62.52,,,,,
8518,3,0,19.87,0,0,19.87,,,,,
8519,3,1.5,19.87,0,0,21.37,,,,,
15666,4,0,5.51,0,0,5.51,,,,,
15667,4,0,5.51,0,0,5.51,,,,,
15668,4,0,5.51,30.59,1,36.1,,,,,
71,2,0,9.54,0,0,9.54,,,,,
72,2,1.42,9.54,0,0,10.95,,,,,
77,2,0,9.54,52.98,1,62.52,,,,,
79,2,0,9.54,52.98,1,62.52,,,,,
81,2,0,9.54,52.98,1,62.52,,,,,
8525,3,0,19.87,0,0,19.87,,,,,
8526,3,1.38,19.87,0,0,21.25,,,,,
15669,4,0,5.51,0,0,5.51,,,,,
15670,4,0.46,5.51,0,0,5.97,,,,,
82,2,0,9.54,0,0,9.54,,,,,
83,2,1.5,9.54,0,0,11.04,,,,,
85,2,0,9.54,52.98,1,62.52,,,,,
89,2,0,9.54,52.98,1,62.52,,,,,
8532,3,0,19.87,0,0,19.87,,,,,
8533,3,1.38,19.87,0,0,21.25,,,,,
15672,4,0,5.51,0,0,5.51,,,,,
15673,4,0.46,5.51,0,0,5.97,,,,,
91,2,0,9.54,0,0,9.54,,,,,
92,2,1.5,9.54,0,0,11.04,,,,,
101,2,0,9.54,52.98,1,62.52,,,,,
8539,3,0,19.87,0,0,19.87,,,,,
8540,3,1.38,19.87,0,0,21.25,,,,,
15675,4,0,5.51,0,0,5.51,,,,,
15676,4,0.46,5.51,0,0,5.97,,,,,
102,2,0,9.54,0,0,9.54,,,,,
103,2,1.5,9.54,0,0,11.04,,,,,
8546,3,0,19.87,0,0,19.87,,,,,
8547,3,1.38,19.87,0,0,21.25,,,,,
15678,4,0,5.51,0,0,5.51,,,,,
15679,4,0.46,5.51,0,0,5.97,,,,,
111,2,0,9.54,0,0,9.54,,,,,
112,2,1.5,9.54,0,0,11.04,,,,,
8553,3,0,19.87,0,0,19.87,,,,,
8554,3,1.38,19.87,0,0,21.25,,,,,
15681,4,0,5.51,0,0,5.51,,,,,
15682,4,0.46,5.51,0,0,5.97,,,,,
120,2,0,9.54,0,0,9.54,,,,,
121,2,1.5,9.54,0,0,11.04,,,,,
8560,3,0,19.87,0,0,19.87,,,,,
8561,3,1.38,19.87,0,0,21.25,,,,,
15684,4,0,5.51,0,0,5.51,,,,,
15686,4,0,5.51,30.59,1,36.1,,,,,
129,2,0,9.54,0,0,9.54,,,,,
130,2,1.5,9.54,0,0,11.04,,,,,
8567,3,0,19.87,0,0,19.87,,,,,
8568,3,1.38,19.87,0,0,21.25,,,,,
15687,4,0,5.51,0,0,5.51,,,,,
15688,4,0.46,5.51,0,0,5.97,,,,,
138,2,0,9.54,0,0,9.54,,,,,
139,2,1.5,9.54,0,0,11.04,,,,,
8574,3,0,19.87,0,0,19.87,,,,,
8575,3,1.38,19.87,0,0,21.25,,,,,
15690,4,0,5.51,0,0,5.51,,,,,
15691,4,0.46,5.51,0,0,5.97,,,,,
147,2,0,9.54,0,0,9.54,,,,,
148,2,1.5,9.54,0,0,11.04,,,,,
8581,3,0,19.87,0,0,19.87,,,,,
8582,3,1.38,19.87,0,0,21.25,,,,,
15693,4,0,5.51,0,0,5.51,,,,,
15695,4,0,5.51,30.59,1,36.1,,,,,
156,2,0,9.54,0,0,9.54,,,,,
157,2,1.5,9.54,0,0,11.04,,,,,
8588,3,0,19.87,0,0,19.87,,,,,
8589,3,1.38,19.87,0,0,21.25,,,,,
15696,4,0,5.51,0,0,5.51,,,,,
15697,4,0.46,5.51,0,0,5.97,,,,,
165,2,0,9.54,0,0,9.54,,,,,
166,2,1.5,9.54,0,0,11.04,,,,,
8595,3,0,19.87,0,0,19.87,,,,,
8596,3,1.38,19.87,0,0,21.25,,,,,
15699,4,0,5.51,0,0,5.51,,,,,
15700,4,0.46,5.51,0,0,5.97,,,,,
174,2,0,9.54,0,0,9.54,,,,,
175,2,1.5,9.54,0,0,11.04,,,,,
8602,3,0,19.87,0,0,19.87,,,,,
8603,3,1.38,19.87,0,0,21.25,,,,,
15702,4,0,5.51,0,0,5.51,,,,,
15703,4,0.55,5.51,0,0,6.06,,,,,
183,2,0,9.54,0,0,9.54,,,,,
184,2,1.5,9.54,0,0,11.04,,,,,
8609,3,0,19.87,0,0,19.87,,,,,
8610,3,1.38,19.87,0,0,21.25,,,,,
15704,4,0,5.51,0,0,5.51,,,,,
15705,4,0.46,5.51,0,0,5.97,,,,,
192,2,0,9.54,0,0,9.54,,,,,
193,2,1.5,9.54,0,0,11.04,,,,,
8616,3,0,19.87,0,0,19.87,,,,,
8617,3,1.38,19.87,0,0,21.25,,,,,
15707,4,0,5.51,0,0,5.51,,,,,
15709,4,0,5.51,30.59,1,36.1,,,,,
201,2,0,9.54,0,0,9.54,,,,,
202,2,1.5,9.54,0,0,11.04,,,,,
8623,3,0,19.87,0,0,19.87,,,,,
8624,3,1.38,19.87,0,0,21.25,,,,,
15710,4,0,5.51,0,0,5.51,,,,,
15712,4,0,5.51,30.59,1,36.1,,,,,
210,2,0,9.54,0,0,9.54,,,,,
211,2,1.5,9.54,0,0,11.04,,,,,
8630,3,0,19.87,0,0,19.87,,,,,
8631,3,1.38,19.87,0,0,21.25,,,,,
15713,4,0,5.51,0,0,5.51,,,,,
15714,4,0.46,5.51,0,0,5.97,,,,,
219,2,0,9.54,0,0,9.54,,,,,
220,2,1.5,9.54,0,0,11.04,,,,,
8637,3,0,19.87,0,0,19.87,,,,,
8638,3,1.38,19.87,0,0,21.25,,,,,
15716,4,0,5.51,0,0,5.51,,,,,
15717,4,0.46,5.51,0,0,5.97,,,,,
228,2,0,9.54,0,0,9.54,,,,,
229,2,1.5,9.54,0,0,11.04,,,,,
8644,3,0,19.87,0,0,19.87,,,,,
8645,3,1.38,19.87,0,0,21.25,,,,,
15719,4,0,5.51,0,0,5.51,,,,,
15720,4,0.46,5.51,0,0,5.97,,,,,
237,2,0,9.54,0,0,9.54,,,,,
238,2,1.5,9.54,0,0,11.04,,,,,
8651,3,0,19.87,0,0,19.87,,,,,
8652,3,1.38,19.87,0,0,21.25,,,,,
15722,4,0,5.51,0,0,5.51,,,,,
15723,4,0.46,5.51,0,0,5.97,,,,,
246,2,0,9.54,0,0,9.54,,,,,
247,2,1.5,9.54,0,0,11.04,,,,,
8658,3,0,19.87,0,0,19.87,,,,,
8659,3,1.38,19.87,0,0,21.25,,,,,
15725,4,0,5.51,0,0,5.51,,,,,
15726,4,0.46,5.51,0,0,5.97,,,,,
255,2,0,9.54,0,0,9.54,,,,,
256,2,1.5,9.54,0,0,11.04,,,,,
8665,3,0,19.87,0,0,19.87,,,,,
8666,3,1.38,19.87,0,0,21.25,,,,,
15728,4,0,5.51,0,0,5.51,,,,,
15729,4,0.46,5.51,0,0,5.97,,,,,
264,2,0,9.54,0,0,9.54,,,,,
265,2,1.5,9.54,0,0,11.04,,,,,
8672,3,0,19.87,0,0,19.87,,,,,
8673,3,1.38,19.87,0,0,21.25,,,,,
15731,4,0,5.51,0,0,5.51,,,,,
15732,4,0.46,5.51,0,0,5.97,,,,,
273,2,0,9.54,0,0,9.54,,,,,
274,2,1.5,9.54,0,0,11.04,,,,,
8679,3,0,19.87,0,0,19.87,,,,,
8680,3,1.38,19.87,0,0,21.25,,,,,
15734,4,0,5.51,0,0,5.51,,,,,
15735,4,0.46,5.51,0,0,5.97,,,,,
coldnum,servednum,totalnum,coldfreq,commcost,instancost,latencycost,runcost,avgcost,,,
80,248,581,0.32,0.38,17.96,18.33,11.26,29.6,,,
 , ,,,,,,,,,,
Time,2023-06-03 08:39:08.865410141 +0100 BST m=+0.168147338,,,,,,,,,,
Toponame,./config/pi_nodes.csv,,,,,,,,,,
RequestFile,./config/sorted.csv,,,,,,,,,,
MemCap,1000,,,,,,,,,,
NodeNum,10,,,,,,,,,,
Beta,0.5,,,,,,,,,,
SlotNum,30,,,,,,,,,,
ReduFactor,10000,,,,,,,,,,
Token,local,,,,,,,,,,
Alpha,0.03,,,,,,,,,,
CommCostPara,1,,,,,,,,,,
Testbed,0,,,,,,,,,,
CpuFreq,3,,,,,,,,,,
 , ,,,,,,,,,,
ID,funcType,commCost,runCost,instanCost,iscold,singlecost,,,,,
0,1,0,5.03,18.62,1,23.64,,,,,
1,1,0,5.03,18.62,1,23.64,,,,,
2,1,0,5.03,18.62,1,23.64,,,,,
3,1,0,5.03,18.62,1,23.64,,,,,
4,1,0,5.03,18.62,1,23.64,,,,,
5,1,0,5.03,18.62,1,23.64,,,,,
6,1,0,5.03,18.62,1,23.64,,,,,
7,1,0,5.03,18.62,1,23.64,,,,,
8,2,0,14.3,52.98,1,67.28,,,,,
9,2,0,14.3,52.98,1,67.28,,,,,
10,2,0,14.3,52.98,1,67.28,,,,,
11,2,0,14.3,52.98,1,67.28,,,,,
12,2,0,14.3,52.98,1,67.28,,,,,
13,2,0,14.3,52.98,1,67.28,,,,,
14,2,0,14.3,52.98,1,67.28,,,,,
15,2,0,14.3,52.98,1,67.28,,,,,
16,2,0,14.3,52.98,1,67.28,,,,,
8475,3,0,29.8,110.37,1,140.17,,,,,
8477,3,0,29.8,110.37,1,140.17,,,,,
8478,3,0,29.8,110.37,1,140.17,,,,,
8479,3,0,29.8,110.37,1,140.17,,,,,
8480,3,0,29.8,110.37,1,140.17,,,,,
8481,3,0,29.8,110.37,1,140.17,,,,,
8482,3,0,29.8,110.37,1,140.17,,,,,
15649,4,0,8.26,30.59,1,38.85,,,,,
15650,4,0,8.26,30.59,1,38.85,,,,,
17,2,0,14.3,0,0,14.3,,,,,
18,2,1.42,14.3,0,0,15.72,,,,,
19,2,0,14.3,52.98,1,67.28,,,,,
20,2,0,14.3,52.98,1,67.28,,,,,
21,2,0,14.3,52.98,1,67.28,,,,,
22,2,0,14.3,52.98,1,67.28,,,,,
23,2,0,14.3,52.98,1,67.28,,,,,
24,2,0,14.3,52.98,1,67.28,,,,,
25,2,0,14.3,52.98,1,67.28,,,,,
8483,3,0,29.8,0,0,29.8,,,,,
8484,3,1.42,29.8,0,0,31.22,,,,,
8487,3,0,29.8,110.37,1,140.17,,,,,
8488,3,0,29.8,110.37,1,140.17,,,,,
8489,3,0,29.8,110.37,1,140.17,,,,,
15651,4,0,8.26,0,0,8.26,,,,,
15652,4,0.29,8.26,0,0,8.55,,,,,
15653,4,0,8.26,30.59,1,38.85,,,,,
26,2,0,14.3,0,0,14.3,,,,,
27,2,1.42,14.3,0,0,15.72,,,,,
28,2,0,14.3,52.98,1,67.28,,,,,
29,2,0,14.3,52.98,1,67.28,,,,,
30,2,0,14.3,52.98,1,67.28,,,,,
31,2,0,14.3,52.98,1,67.28,,,,,
32,2,0,14.3,52.98,1,67.28,,,,,
33,2,0,14.3,52.98,1,67.28,,,,,
34,2,0,14.3,52.98,1,67.28,,,,,
8490,3,0,29.8,0,0,29.8,,,,,
8491,3,1.5,29.8,0,0,31.3,,,,,
8495,3,0,29.8,110.37,1,140.17,,,,,
8496,3,0,29.8,110.37,1,140.17,,,,,
15654,4,0,8.26,0,0,8.26,,,,,
15655,4,0.29,8.26,0,0,8.55,,,,,
15656,4,0,8.26,30.59,1,38.85,,,,,
35,2,0,14.3,0,0,14.3,,,,,
36,2,1.42,14.3,0,0,15.72,,,,,
37,2,0,14.3,52.98,1,67.28,,,,,
39,2,0,14.3,52.98,1,67.28,,,,,
41,2,0,14.3,52.98,1,67.28,,,,,
42,2,0,14.3,52.98,1,67.28,,,,,
43,2,0,14.3,52.98,1,67.28,,,,,
8497,3,0,29.8,0,0,29.8,,,,,
8498,3,1.5,29.8,0,0,31.3,,,,,
15657,4,0,8.26,0,0,8.26,,,,,
15658,4,0,8.26,30.59,1,38.85,,,,,
44,2,0,14.3,0,0,14.3,,,,,
45,2,1.42,14.3,0,0,15.72,,,,,
46,2,0,14.3,52.98,1,67.28,,,,,
49,2,0,14.3,52.98,1,67.28,,,,,
50,2,0,14.3,52.98,1,67.28,,,,,
51,2,0,14.3,52.98,1,67.28,,,,,
52,2,0,14.3,52.98,1,67.28,,,,,
8504,3,0,29.8,0,0,29.8,,,,,
8505,3,1.5,29.8,0,0,31.3,,,,,
8510,3,0,29.8,110.37,1,140.17,,,,,
15660,4,0,8.26,0,0,8.26,,,,,
15661,4,0,8.26,0,0,8.26,,,,,
15662,4,0,8.26,30.59,1,38.85,,,,,
53,2,0,14.3,0,0,14.3,,,,,
54,2,1.42,14.3,0,0,15.72,,,,,
56,2,0,14.3,52.98,1,67.28,,,,,
57,2,0,14.3,52.98,1,67.28,,,,,
58,2,0,14.3,52.98,1,67.28,,,,,
61,2,0,14.3,52.98,1,67.28,,,,,
8511,3,0,29.8,0,0,29.8,,,,,
8512,3,1.5,29.8,0,0,31.3,,,,,
8516,3,0,29.8,110.37,1,140.17,,,,,
15663,4,0,8.26,0,0,8.26,,,,,
15664,4,0,8.26,30.59,1,38.85,,,,,
15665,4,0,8.26,30.59,1,38.85,,,,,
62,2,0,14.3,0,0,14.3,,,,,
63,2,1.42,14.3,0,0,15.72,,,,,
65,2,0,14.3,52.98,1,67.28,,,,,
66,2,0,14.3,52.98,1,67.28,,,,,
67,2,0,14.3,52.98,1,67.28,,,,,
8518,3,0,29.8,0,0,29.8,,,,,
8519,3,1.5,29.8,0,0,31.3,,,,,
15666,4,0,8.26,0,0,8.26,,,,,
15667,4,0.46,8.26,0,0,8.72,,,,,
15668,4,0,8.26,30.59,1,38.85,,,,,
71,2,0,14.3,0,0,14.3,,,,,
72,2,1.42,14.3,0,0,15.72,,,,,
75,2,0,14.3,52.98,1,67.28,,,,,
79,2,0,14.3,52.98,1,67.28,,,,,
81,2,0,14.3,52.98,1,67.28,,,,,
8525,3,0,29.8,0,0,29.8,,,,,
15669,4,0,8.26,0,0,8.26,,,,,
15671,4,0,8.26,30.59,1,38.85,,,,,
82,2,0,14.3,0,0,14.3,,,,,
83,2,1.5,14.3,0,0,15.81,,,,,
8532,3,0,29.8,0,0,29.8,,,,,
15672,4,0,8.26,0,0,8.26,,,,,
15673,4,0.46,8.26,0,0,8.72,,,,,
91,2,0,14.3,0,0,14.3,,,,,
92,2,1.5,14.3,0,0,15.81,,,,,
99,2,0,14.3,52.98,1,67.28,,,,,
101,2,0,14.3,52.98,1,67.28,,,,,
8539,3,0,29.8,0,0,29.8,,,,,
15675,4,0,8.26,30.59,1,38.85,,,,,
15677,4,0,8.26,30.59,1,38.85,,,,,
102,2,0,14.3,0,0,14.3,,,,,
103,2,1.5,14.3,0,0,15.81,,,,,
8546,3,0,29.8,0,0,29.8,,,,,
15678,4,0,8.26,0,0,8.26,,,,,
15679,4,0.46,8.26,0,0,8.72,,,,,
111,2,0,14.3,0,0,14.3,,,,,
112,2,1.5,14.3,0,0,15.81,,,,,
8553,3,0,29.8,0,0,29.8,,,,,
15681,4,0,8.26,0,0,8.26,,,,,
15682,4,0.46,8.26,0,0,8.72,,,,,
120,2,0,14.3,0,0,14.3,,,,,
121,2,1.5,14.3,0,0,15.81,,,,,
122,2,0,14.3,52.98,1,67.28,,,,,
8560,3,0,29.8,0,0,29.8,,,,,
15684,4,0,8.26,0,0,8.26,,,,,
15686,4,0,8.26,30.59,1,38.85,,,,,
129,2,0,14.3,0,0,14.3,,,,,
130,2,1.5,14.3,0,0,15.81,,,,,
8567,3,0,29.8,0,0,29.8,,,,,
15687,4,0,8.26,0,0,8.26,,,,,
15688,4,0.46,8.26,0,0,8.72,,,,,
138,2,0,14.3,0,0,14.3,,,,,
139,2,1.5,14.3,0,0,15.81,,,,,
8574,3,0,29.8,0,0,29.8,,,,,
15690,4,0,8.26,0,0,8.26,,,,,
15691,4,0.46,8.26,0,0,8.72,,,,,
147,2,0,14.3,0,0,14.3,,,,,
148,2,1.5,14.3,0,0,15.81,,,,,
8581,3,0,29.8,0,0,29.8,,,,,
15693,4,0,8.26,0,0,8.26,,,,,
15694,4,0.46,8.26,0,0,8.72,,,,,
156,2,0,14.3,0,0,14.3,,,,,
157,2,1.5,14.3,0,0,15.81,,,,,
8588,3,0,29.8,0,0,29.8,,,,,
15696,4,0,8.26,0,0,8.26,,,,,
15697,4,0.46,8.26,0,0,8.72,,,,,
165,2,0,14.3,0,0,14.3,,,,,
166,2,1.5,14.3,0,0,15.81,,,,,
8595,3,0,29.8,0,0,29.8,,,,,
15699,4,0,8.26,0,0,8.26,,,,,
15701,4,0,8.26,30.59,1,38.85,,,,,
174,2,0,14.3,0,0,14.3,,,,,
175,2,1.5,14.3,0,0,15.81,,,,,
181,2,0,14.3,52.98,1,67.28,,,,,
8602,3,0,29.8,0,0,29.8,,,,,
15702,4,0,8.26,0,0,8.26,,,,,
15703,4,0.55,8.26,0,0,8.81,,,,,
183,2,0,14.3,0,0,14.3,,,,,
184,2,1.5,14.3,0,0,15.81,,,,,
8609,3,0,29.8,0,0,29.8,,,,,
15704,4,0,8.26,0,0,8.26,,,,,
15705,4,0.46,8.26,0,0,8.72,,,,,
192,2,0,14.3,0,0,14.3,,,,,
193,2,1.5,14.3,0,0,15.81,,,,,
8616,3,0,29.8,0,0,29.8,,,,,
15707,4,0,8.26,0,0,8.26,,,,,
15708,4,0.46,8.26,0,0,8.72,,,,,
201,2,0,14.3,0,0,14.3,,,,,
202,2,1.5,14.3,0,0,15.81,,,,,
8623,3,0,29.8,0,0,29.8,,,,,
15710,4,0.93,8.26,0,0,9.19,,,,,
210,2,0,14.3,0,0,14.3,,,,,
211,2,1.5,14.3,0,0,15.81,,,,,
8630,3,0,29.8,0,0,29.8,,,,,
15713,4,0.93,8.26,0,0,9.19,,,,,
219,2,0,14.3,0,0,14.3,,,,,
220,2,1.5,14.3,0,0,15.81,,,,,
8637,3,0,29.8,0,0,29.8,,,,,
15716,4,0,8.26,30.59,1,38.85,,,,,
15718,4,0,8.26,30.59,1,38.85,,,,,
228,2,0,14.3,0,0,14.3,,,,,
229,2,1.5,14.3,0,0,15.81,,,,,
8644,3,0,29.8,0,0,29.8,,,,,
15719,4,0,8.26,0,0,8.26,,,,,
15720,4,0.46,8.26,0,0,8.72,,,,,
237,2,0,14.3,0,0,14.3,,,,,
238,2,1.5,14.3,0,0,15.81,,,,,
8651,3,0,29.8,0,0,29.8,,,,,
15722,4,0,8.26,0,0,8.26,,,,,
15723,4,0.46,8.26,0,0,8.72,,,,,
246,2,0,14.3,0,0,14.3,,,,,
247,2,1.5,14.3,0,0,15.81,,,,,
8658,3,0,29.8,0,0,29.8,,,,,
15725,4,0,8.26,0,0,8.26,,,,,
15726,4,0.46,8.26,0,0,8.72,,,,,
255,2,0,14.3,0,0,14.3,,,,,
256,2,1.5,14.3,0,0,15.81,,,,,
8665,3,0,29.8,0,0,29.8,,,,,
15728,4,0.93,8.26,0,0,9.19,,,,,
264,2,0,14.3,0,0,14.3,,,,,
265,2,1.5,14.3,0,0,15.81,,,,,
8672,3,0,29.8,0,0,29.8,,,,,
15731,4,0,8.26,30.59,1,38.85,,,,,
15733,4,0,8.26,30.59,1,38.85,,,,,
273,2,0,14.3,0,0,14.3,,,,,
274,2,1.5,14.3,0,0,15.81,,,,,
8679,3,0,29.8,0,0,29.8,,,,,
15734,4,0,8.26,0,0,8.26,,,,,
15735,4,0.46,8.26,0,0,8.72,,,,,
coldnum,servednum,totalnum,coldfreq,commcost,instancost,latencycost,runcost,avgcost,,,
87,224,581,0.39,0.28,21.14,21.42,15.69,37.11,,,
 , ,,,,,,,,,,
Time,2023-06-03 08:39:14.414679956 +0100 BST m=+0.100595581,,,,,,,,,,
Toponame,./config/pi_nodes.csv,,,,,,,,,,
RequestFile,./config/sorted.csv,,,,,,,,,,
MemCap,1000,,,,,,,,,,
NodeNum,10,,,,,,,,,,
Beta,0.5,,,,,,,,,,
SlotNum,30,,,,,,,,,,
ReduFactor,10000,,,,,,,,,,
Token,local,,,,,,,,,,
Alpha,0.04,,,,,,,,,,
CommCostPara,1,,,,,,,,,,
Testbed,0,,,,,,,,,,
CpuFreq,3,,,,,,,,,,
 , ,,,,,,,,,,
ID,funcType,commCost,runCost,instanCost,iscold,singlecost,,,,,
0,1,0,6.7,18.62,1,25.32,,,,,
1,1,0,6.7,18.62,1,25.32,,,,,
2,1,0,6.7,18.62,1,25.32,,,,,
3,1,0,6.7,18.62,1,25.32,,,,,
4,1,0,6.7,18.62,1,25.32,,,,,
5,1,0,6.7,18.62,1,25.32,,,,,
6,1,0,6.7,18.62,1,25.32,,,,,
7,1,0,6.7,18.62,1,25.32,,,,,
8,2,0,19.07,52.98,1,72.05,,,,,
9,2,0,19.07,52.98,1,72.05,,,,,
10,2,0,19.07,52.98,1,72.05,,,,,
11,2,0,19.07,52.98,1,72.05,,,,,
12,2,0,19.07,52.98,1,72.05,,,,,
13,2,0,19.07,52.98,1,72.05,,,,,
14,2,0,19.07,52.98,1,72.05,,,,,
15,2,0,19.07,52.98,1,72.05,,,,,
16,2,0,19.07,52.98,1,72.05,,,,,
8475,3,0,39.73,110.37,1,150.1,,,,,
8477,3,0,39.73,110.37,1,150.1,,,,,
8478,3,0,39.73,110.37,1,150.1,,,,,
8479,3,0,39.73,110.37,1,150.1,,,,,
8480,3,0,39.73,110.37,1,150.1,,,,,
8481,3,0,39.73,110.37,1,150.1,,,,,
8482,3,0,39.73,110.37,1,150.1,,,,,
15649,4,0,11.01,30.59,1,41.6,,,,,
15650,4,0,11.01,30.59,1,41.6,,,,,
17,2,0,19.07,0,0,19.07,,,,,
18,2,1.42,19.07,0,0,20.49,,,,,
19,2,0,19.07,52.98,1,72.05,,,,,
20,2,0,19.07,52.98,1,72.05,,,,,
21,2,0,19.07,52.98,1,72.05,,,,,
22,2,0,19.07,52.98,1,72.05,,,,,
23,2,0,19.07,52.98,1,72.05,,,,,
24,2,0,19.07,52.98,1,72.05,,,,,
25,2,0,19.07,52.98,1,72.05,,,,,
8483,3,0,39.73,0,0,39.73,,,,,
8484,3,1.42,39.73,0,0,41.15,,,,,
8487,3,0,39.73,110.37,1,150.1,,,,,
8488,3,0,39.73,110.37,1,150.1,,,,,
8489,3,0,39.73,110.37,1,150.1,,,,,
15651,4,0,11.01,0,0,11.01,,,,,
15652,4,0.29,11.01,0,0,11.3,,,,,
15653,4,0,11.01,30.59,1,41.6,,,,,
26,2,0,19.07,0,0,19.07,,,,,
27,2,1.42,19.07,0,0,20.49,,,,,
28,2,0,19.07,52.98,1,72.05,,,,,
29,2,0,19.07,52.98,1,72.05,,,,,
30,2,0,19.07,52.98,1,72.05,,,,,
31,2,0,19.07,52.98,1,72.05,,,,,
32,2,0,19.07,52.98,1,72.05,,,,,
33,2,0,19.07,52.98,1,72.05,,,,,
34,2,0,19.07,52.98,1,72.05,,,,,
8490,3,0,39.73,0,0,39.73,,,,,
8491,3,1.5,39.73,0,0,41.24,,,,,
8495,3,0,39.73,110.37,1,150.1,,,,,
8496,3,0,39.73,110.37,1,150.1,,,,,
15654,4,0,11.01,0,0,11.01,,,,,
15655,4,0,11.01,30.59,1,41.6,,,,,
15656,4,0,11.01,30.59,1,41.6,,,,,
35,2,0,19.07,0,0,19.07,,,,,
36,2,1.42,19.07,0,0,20.49,,,,,
37,2,0,19.07,52.98,1,72.05,,,,,
38,2,0,19.07,52.98,1,72.05,,,,,
39,2,0,19.07,52.98,1,72.05,,,,,
41,2,0,19.07,52.98,1,72.05,,,,,
42,2,0,19.07,52.98,1,72.05,,,,,
43,2,0,19.07,52.98,1,72.05,,,,,
8497,3,0,39.73,0,0,39.73,,,,,
8498,3,1.5,39.73,0,0,41.24,,,,,
15657,4,0,11.01,0,0,11.01,,,,,
15658,4,0,11.01,0,0,11.01,,,,,
44,2,0,19.07,0,0,19.07,,,,,
45,2,1.42,19.07,0,0,20.49,,,,,
46,2,0,19.07,52.98,1,72.05,,,,,
47,2,0,19.07,52.98,1,72.05,,,,,
48,2,0,19.07,52.98,1,72.05,,,,,
51,2,0,19.07,52.98,1,72.05,,,,,
8504,3,0,39.73,0,0,39.73,,,,,
8505,3,1.5,39.73,0,0,41.24,,,,,
15660,4,0,11.01,0,0,11.01,,,,,
15661,4,0,11.01,30.59,1,41.6,,,,,
53,2,0,19.07,0,0,19.07,,,,,
54,2,1.42,19.07,0,0,20.49,,,,,
57,2,0,19.07,52.98,1,72.05,,,,,
58,2,0,19.07,52.98,1,72.05,,,,,
8511,3,0,39.73,0,0,39.73,,,,,
8512,3,1.5,39.73,0,0,41.24,,,,,
15663,4,0,11.01,0,0,11.01,,,,,
15664,4,0,11.01,30.59,1,41.6,,,,,
62,2,0,19.07,0,0,19.07,,,,,
63,2,1.42,19.07,0,0,20.49,,,,,
67,2,0,19.07,52.98,1,72.05,,,,,
8518,3,0,39.73,0,0,39.73,,,,,
8519,3,1.5,39.73,0,0,41.24,,,,,
15666,4,0,11.01,0,0,11.01,,,,,
15667,4,0,11.01,30.59,1,41.6,,,,,
71,2,0,19.07,0,0,19.07,,,,,
72,2,1.42,19.07,0,0,20.49,,,,,
78,2,0,19.07,52.98,1,72.05,,,,,
79,2,0,19.07,52.98,1,72.05,,,,,
80,2,0,19.07,52.98,1,72.05,,,,,
81,2,0,19.07,52.98,1,72.05,,,,,
8525,3,0,39.73,0,0,39.73,,,,,
8526,3,1.5,39.73,0,0,41.24,,,,,
15669,4,0,11.01,0,0,11.01,,,,,
15670,4,0,11.01,0,0,11.01,,,,,
15671,4,0,11.01,30.59,1,41.6,,,,,
82,2,0,19.07,0,0,19.07,,,,,
83,2,1.5,19.07,0,0,20.58,,,,,
90,2,0,19.07,52.98,1,72.05,,,,,
8532,3,0,39.73,0,0,39.73,,,,,
8533,3,1.5,39.73,0,0,41.24,,,,,
15672,4,0,11.01,0,0,11.01,,,,,
15673,4,0,11.01,0,0,11.01,,,,,
15674,4,0,11.01,0,0,11.01,,,,,
91,2,0,19.07,0,0,19.07,,,,,
92,2,1.5,19.07,0,0,20.58,,,,,
94,2,0,19.07,52.98,1,72.05,,,,,
98,2,0,19.07,52.98,1,72.05,,,,,
99,2,0,19.07,52.98,1,72.05,,,,,
101,2,0,19.07,52.98,1,72.05,,,,,
8539,3,0,39.73,0,0,39.73,,,,,
8540,3,1.38,39.73,0,0,41.12,,,,,
15675,4,0,11.01,0,0,11.01,,,,,
15676,4,0,11.01,0,0,11.01,,,,,
102,2,0,19.07,0,0,19.07,,,,,
103,2,1.5,19.07,0,0,20.58,,,,,
8546,3,0,39.73,0,0,39.73,,,,,
8547,3,1.38,39.73,0,0,41.12,,,,,
15678,4,0,11.01,0,0,11.01,,,,,
15679,4,0,11.01,0,0,11.01,,,,,
111,2,0,19.07,0,0,19.07,,,,,
112,2,1.5,19.07,0,0,20.58,,,,,
8553,3,0,39.73,0,0,39.73,,,,,
8554,3,1.38,39.73,0,0,41.12,,,,,
15681,4,0,11.01,0,0,11.01,,,,,
15682,4,0,11.01,0,0,11.01,,,,,
120,2,0,19.07,0,0,19.07,,,,,
121,2,1.5,19.07,0,0,20.58,,,,,
123,2,0,19.07,52.98,1,72.05,,,,,
8560,3,0,39.73,0,0,39.73,,,,,
8561,3,1.38,39.73,0,0,41.12,,,,,
15684,4,0,11.01,0,0,11.01,,,,,
129,2,0,19.07,0,0,19.07,,,,,
130,2,1.5,19.07,0,0,20.58,,,,,
8567,3,0,39.73,0,0,39.73,,,,,
8568,3,1.38,39.73,0,0,41.12,,,,,
8573,3,0,39.73,110.37,1,150.1,,,,,
15687,4,0,11.01,0,0,11.01,,,,,
138,2,0,19.07,0,0,19.07,,,,,
139,2,1.5,19.07,0,0,20.58,,,,,
8574,3,0,39.73,0,0,39.73,,,,,
8575,3,1.5,39.73,0,0,41.24,,,,,
15690,4,0,11.01,0,0,11.01,,,,,
147,2,0,19.07,0,0,19.07,,,,,
148,2,1.5,19.07,0,0,20.58,,,,,
154,2,0,19.07,52.98,1,72.05,,,,,
8581,3,0,39.73,0,0,39.73,,,,,
8582,3,1.5,39.73,0,0,41.24,,,,,
15693,4,0,11.01,0,0,11.01,,,,,
156,2,0,19.07,0,0,19.07,,,,,
157,2,1.5,19.07,0,0,20.58,,,,,
8588,3,0,39.73,0,0,39.73,,,,,
8589,3,1.5,39.73,0,0,41.24,,,,,
15696,4,0,11.01,0,0,11.01,,,,,
165,2,0,19.07,0,0,19.07,,,,,
166,2,1.5,19.07,0,0,20.58,,,,,
8595,3,0,39.73,0,0,39.73,,,,,
8596,3,1.5,39.73,0,0,41.24,,,,,
15699,4,0,11.01,0,0,11.01,,,,,
174,2,0,19.07,0,0,19.07,,,,,
175,2,1.5,19.07,0,0,20.58,,,,,
8602,3,0,39.73,0,0,39.73,,,,,
8603,3,1.5,39.73,0,0,41.24,,,,,
15702,4,0,11.01,0,0,11.01,,,,,
183,2,0,19.07,0,0,19.07,,,,,
184,2,1.5,19.07,0,0,20.58,,,,,
188,2,0,19.07,52.98,1,72.05,,,,,
8609,3,0,39.73,0,0,39.73,,,,,
8610,3,1.5,39.73,0,0,41.24,,,,,
15704,4,0,11.01,0,0,11.01,,,,,
192,2,0,19.07,0,0,19.07,,,,,
193,2,1.5,19.07,0,0,20.58,,,,,
8616,3,0,39.73,0,0,39.73,,,,,
8617,3,1.5,39.73,0,0,41.24,,,,,
15707,4,0,11.01,0,0,11.01,,,,,
201,2,0,19.07,0,0,19.07,,,,,
202,2,1.5,19.07,0,0,20.58,,,,,
8623,3,0,39.73,0,0,39.73,,,,,
8624,3,1.5,39.73,0,0,41.24,,,,,
15710,4,0,11.01,0,0,11.01,,,,,
210,2,0,19.07,0,0,19.07,,,,,
211,2,1.5,19.07,0,0,20.58,,,,,
8630,3,0,39.73,0,0,39.73,,,,,
8631,3,1.5,39.73,0,0,41.24,,,,,
15713,4,0,11.01,0,0,11.01,,,,,
219,2,0,19.07,0,0,19.07,,,,,
220,2,1.5,19.07,0,0,20.58,,,,,
8637,3,0,39.73,0,0,39.73,,,,,
8638,3,1.5,39.73,0,0,41.24,,,,,
15716,4,0,11.01,0,0,11.01,,,,,
228,2,0,19.07,0,0,19.07,,,,,
229,2,1.5,19.07,0,0,20.58,,,,,
8644,3,0,39.73,0,0,39.73,,,,,
8645,3,1.5,39.73,0,0,41.24,,,,,
15719,4,0,11.01,0,0,11.01,,,,,
237,2,0,19.07,0,0,19.07,,,,,
238,2,1.5,19.07,0,0,20.58,,,,,
8651,3,0,39.73,0,0,39.73,,,,,
8652,3,1.5,39.73,0,0,41.24,,,,,
15722,4,0,11.01,0,0,11.01,,,,,
246,2,0,19.07,0,0,19.07,,,,,
247,2,1.5,19.07,0,0,20.58,,,,,
8658,3,0,39.73,0,0,39.73,,,,,
8659,3,1.5,39.73,0,0,41.24,,,,,
15725,4,0,11.01,0,0,11.01,,,,,
255,2,0,19.07,0,0,19.07,,,,,
256,2,1.5,19.07,0,0,20.58,,,,,
8665,3,0,39.73,0,0,39.73,,,,,
8666,3,1.5,39.73,0,0,41.24,,,,,
15728,4,0,11.01,0,0,11.01,,,,,
264,2,0,19.07,0,0,19.07,,,,,
265,2,1.5,19.07,0,0,20.58,,,,,
8672,3,0,39.73,0,0,39.73,,,,,
8673,3,1.5,39.73,0,0,41.24,,,,,
15731,4,0,11.01,0,0,11.01,,,,,
273,2,0,19.07,0,0,19.07,,,,,
274,2,1.5,19.07,0,0,20.58,,,,,
8679,3,0,39.73,0,0,39.73,,,,,
8680,3,1.5,39.73,0,0,41.24,,,,,
15734,4,0,11.01,0,0,11.01,,,,,
coldnum,servednum,totalnum,coldfreq,commcost,instancost,latencycost,runcost,avgcost,,,
78,231,581,0.34,0.37,19.06,19.43,23.39,42.82,,,