funcType,1
1,1,112,14,24,3,1,66,66,394,8,21,190,1,1,23,62,1,8,1,10,69,35,382,212,23,1,55,10,77,332,118,4,1,98,6,47,113,585,7,3,551,89,110,54,1,47,277,4,12,121,16,3,4,7,2,17,304,329,1,319,19,21,5,567,18,4,1,432,1,19,8,4,340,23,15,412,1,117,124,186,1,1,70,247,46,98,91,620,285,3,5,7,21,35,211,10,205,4,10,24,15,4,2,2,31,156,1,24,18,455,107,27,289,45,206,2,2,84,1,1,4,1,10,1
1,1,111,14,23,3,1,65,65,390,8,21,189,1,1,23,62,1,8,1,10,69,35,379,210,22,1,55,10,76,329,117,4,1,97,6,47,112,579,7,3,546,88,110,54,1,47,275,4,12,120,16,3,4,7,2,17,301,326,1,316,19,21,5,561,18,4,1,428,1,19,8,4,337,23,15,408,1,116,123,185,1,1,70,245,46,97,90,614,283,3,5,7,20,35,210,10,203,4,10,24,15,4,2,2,31,155,1,24,18,451,106,27,287,45,204,2,2,84,1,1,4,1,10,1
1,1,113,14,24,3,1,66,66,398,8,22,192,1,1,23,63,1,8,1,11,70,35,386,214,23,1,55,10,77,335,119,4,1,99,6,48,114,591,7,3,557,90,111,54,1,47,280,4,12,122,16,3,4,7,2,17,307,333,1,322,19,21,5,573,18,4,1,436,1,19,8,4,344,23,15,416,1,118,125,188,1,1,71,250,47,99,92,627,288,3,5,7,21,36,213,10,207,4,10,24,15,4,2,2,31,157,1,24,19,460,107,28,292,45,208,2,2,85,1,1,4,1,10,1
1,1,104,13,22,3,1,61,61,357,8,20,174,1,1,22,58,1,8,1,10,64,33,347,194,21,1,51,10,71,302,108,3,1,91,5,44,104,527,7,3,497,83,102,51,1,44,253,4,11,112,15,3,4,7,2,16,276,299,1,290,18,20,5,511,17,4,1,391,1,18,8,4,309,22,14,373,1,108,115,171,1,1,65,226,43,91,84,558,260,3,5,6,19,33,193,10,188,4,10,23,14,4,2,2,29,143,1,23,18,412,99,26,264,42,188,2,2,78,1,1,4,1,10,1
1,1,110,14,23,3,1,65,65,386,8,21,187,1,1,23,61,1,8,1,10,68,34,374,208,22,1,54,10,75,325,115,4,1,96,6,47,111,572,7,3,539,88,109,53,1,46,272,4,12,119,16,3,4,7,2,17,298,323,1,313,19,21,5,554,18,4,1,422,1,19,8,4,333,23,14,403,1,115,122,183,1,1,69,242,46,96,89,606,279,3,5,7,20,35,207,10,201,4,10,24,15,4,2,2,30,153,1,24,18,445,105,27,284,44,202,2,2,83,1,1,4,1,10,1
1,1,111,14,23,3,1,65,65,388,8,21,188,1,1,23,61,1,8,1,10,69,35,377,209,22,1,54,10,76,328,116,4,1,97,6,47,112,576,7,3,543,88,109,54,1,47,274,4,12,120,16,3,4,7,2,17,300,325,1,315,19,21,5,559,18,4,1,426,1,19,8,4,336,23,14,406,1,116,123,184,1,1,69,244,46,97,90,611,281,3,5,7,20,35,209,10,202,4,10,24,15,4,2,2,31,154,1,24,18,449,105,27,286,44,203,2,2,83,1,1,4,1,10,1
1,1,112,14,24,3,1,66,66,394,8,21,191,1,1,23,62,1,8,1,10,69,35,383,212,23,1,55,10,77,332,118,4,1,98,6,47,113,586,7,3,552,89,111,54,1,47,278,4,12,121,16,3,4,7,2,17,304,330,1,319,19,21,5,568,18,4,1,432,1,19,8,4,341,23,15,412,1,117,124,186,1,1,70,248,46,98,91,621,285,3,5,7,21,35,212,10,205,4,10,24,15,4,2,2,31,156,1,24,19,456,107,27,290,45,206,2,2,84,1,1,4,1,10,1
1,1,107,14,23,3,1,63,63,371,8,21,180,1,1,22,59,1,8,1,10,66,34,360,200,22,1,53,10,73,313,112,3,1,93,5,45,107,548,7,3,517,85,105,52,1,45,262,4,12,115,16,3,4,7,2,16,287,311,1,301,19,20,5,532,17,4,1,406,1,18,8,4,321,22,14,387,1,111,118,176,1,1,67,234,45,93,87,581,269,3,5,6,20,34,200,10,194,4,10,23,14,4,2,2,30,148,1,23,18,428,102,26,273,43,195,2,2,80,1,1,4,1,10,1
1,1,105,13,22,3,1,62,62,362,8,20,176,1,1,22,58,1,8,1,10,65,33,351,196,22,1,52,10,72,306,110,3,1,92,5,45,105,534,7,3,504,83,103,51,1,44,256,4,12,113,15,3,4,7,2,16,280,303,1,294,18,20,5,518,17,4,1,396,1,18,8,4,313,22,14,378,1,109,116,173,1,1,66,228,44,92,85,566,263,3,5,6,20,34,196,10,190,4,10,23,14,4,2,2,29,145,1,23,18,417,100,26,267,42,191,2,2,79,1,1,4,1,10,1
1,1,101,13,22,3,1,59,60,344,8,20,169,1,1,21,56,1,8,1,10,63,32,334,187,21,1,50,10,69,291,105,3,1,88,5,43,101,506,7,3,478,80,99,49,1,43,244,4,11,108,15,3,4,7,2,16,267,289,1,280,18,19,5,491,17,3,1,376,1,17,8,4,298,21,14,359,1,105,111,165,1,1,63,218,42,88,82,536,251,3,5,6,19,33,187,10,181,4,10,22,14,4,2,2,28,139,1,22,17,396,96,25,254,41,182,2,2,76,1,1,4,1,10,1
1,1,108,14,23,3,1,63,64,377,8,21,183,1,1,22,60,1,8,1,10,67,34,366,204,22,1,53,10,74,318,113,3,1,95,6,46,109,559,7,3,526,86,107,52,1,46,266,4,12,117,16,3,4,7,2,17,291,316,1,306,19,20,5,542,18,4,1,413,1,18,8,4,326,22,14,394,1,113,120,179,1,1,68,237,45,95,88,592,274,3,5,6,20,34,203,10,197,4,10,24,15,4,2,2,30,150,1,23,18,436,103,27,278,44,198,2,2,82,1,1,4,1,10,1
1,1,110,14,23,3,1,64,64,383,8,21,185,1,1,23,61,1,8,1,10,68,34,371,206,22,1,54,10,75,323,115,3,1,96,6,46,110,567,7,3,534,87,108,53,1,46,270,4,12,118,16,3,4,7,2,17,295,320,1,310,19,21,5,550,18,4,1,419,1,18,8,4,331,23,14,400,1,114,121,181,1,1,69,241,45,96,89,601,277,3,5,7,20,35,206,10,200,4,10,24,15,4,2,2,30,152,1,23,18,442,104,27,281,44,200,2,2,82,1,1,4,1,10,1
1,1,111,14,23,3,1,65,65,388,8,21,188,1,1,23,61,1,8,1,10,69,35,377,209,22,1,54,10,76,328,116,4,1,97,6,47,112,576,7,3,543,88,109,54,1,47,274,4,12,120,16,3,4,7,2,17,300,325,1,315,19,21,5,559,18,4,1,426,1,19,8,4,336,23,14,406,1,116,123,184,1,1,69,244,46,97,90,611,281,3,5,7,20,35,209,10,202,4,10,24,15,4,2,2,31,154,1,24,18,449,105,27,286,44,203,2,2,83,1,1,4,1,10,1
1,1,113,14,24,3,1,66,66,396,8,21,191,1,1,23,62,1,8,1,11,70,35,385,213,23,1,55,10,77,334,118,4,1,98,6,48,113,588,7,3,554,89,111,54,1,47,279,4,12,122,16,3,4,7,2,17,306,331,1,321,19,21,5,570,18,4,1,434,1,19,8,4,342,23,15,414,1,118,125,187,1,1,70,249,47,98,91,624,287,3,5,7,21,36,213,10,206,4,10,24,15,4,2,2,31,157,1,24,19,458,107,28,291,45,207,2,2,85,1,1,4,1,10,1
1,1,112,14,23,3,1,65,65,391,8,21,189,1,1,23,62,1,8,1,10,69,35,380,211,23,1,55,10,76,330,117,4,1,97,6,47,112,581,7,3,547,89,110,54,1,47,276,4,12,121,16,3,4,7,2,17,302,327,1,317,19,21,5,563,18,4,1,429,1,19,8,4,338,23,15,409,1,116,124,185,1,1,70,246,46,97,90,616,283,3,5,7,20,35,210,10,204,4,10,24,15,4,2,2,31,155,1,24,18,452,106,27,288,45,205,2,2,84,1,1,4,1,10,1
1,1,112,14,24,3,1,66,66,394,8,21,191,1,1,23,62,1,8,1,10,69,35,383,212,23,1,55,10,77,332,118,4,1,98,6,47,113,586,7,3,552,89,111,54,1,47,278,4,12,121,16,3,4,7,2,17,304,330,1,319,19,21,5,568,18,4,1,432,1,19,8,4,341,23,15,412,1,117,124,186,1,1,70,248,46,98,91,621,285,3,5,7,21,35,212,10,205,4,10,24,15,4,2,2,31,156,1,24,19,456,107,27,290,45,206,2,2,84,1,1,4,1,10,1
1,1,110,14,23,3,1,64,64,383,8,21,186,1,1,23,61,1,8,1,10,68,34,372,207,22,1,54,10,75,323,115,3,1,96,6,47,110,568,7,3,535,87,108,53,1,46,270,4,12,118,16,3,4,7,2,17,296,321,1,311,19,21,5,551,18,4,1,420,1,19,8,4,331,23,14,400,1,114,122,182,1,1,69,241,46,96,89,602,278,3,5,7,20,35,206,10,200,4,10,24,15,4,2,2,30,152,1,23,18,443,104,27,282,44,201,2,2,82,1,1,4,1,10,1
1,1,105,13,22,3,1,62,62,364,8,21,178,1,1,22,59,1,8,1,10,65,33,354,197,22,1,52,10,72,308,110,3,1,92,5,45,106,538,7,3,507,84,104,51,1,45,258,4,12,114,15,3,4,7,2,16,282,305,1,296,18,20,5,522,17,4,1,399,1,18,8,4,315,22,14,380,1,110,117,174,1,1,66,230,44,92,85,570,265,3,5,6,20,34,197,10,191,4,10,23,14,4,2,2,29,146,1,23,18,420,100,26,269,43,192,2,2,79,1,1,4,1,10,1
1,1,109,14,23,3,1,64,64,381,8,21,185,1,1,23,61,1,8,1,10,68,34,370,206,22,1,54,10,75,322,114,3,1,95,6,46,110,565,7,3,533,87,108,53,1,46,269,4,12,118,16,3,4,7,2,17,295,319,1,309,19,21,5,548,18,4,1,418,1,18,8,4,330,23,14,398,1,114,121,181,1,1,68,240,45,96,89,599,276,3,5,6,20,35,205,10,199,4,10,24,15,4,2,2,30,152,1,23,18,441,104,27,281,44,200,2,2,82,1,1,4,1,10,1
1,1,107,14,23,3,1,63,63,371,8,21,180,1,1,22,59,1,8,1,10,66,34,360,200,22,1,53,10,73,313,112,3,1,93,5,45,107,548,7,3,517,85,105,52,1,45,262,4,12,115,16,3,4,7,2,16,287,311,1,301,19,20,5,532,17,4,1,406,1,18,8,4,321,22,14,387,1,111,118,176,1,1,67,234,45,93,87,581,269,3,5,6,20,34,200,10,194,4,10,23,14,4,2,2,30,148,1,23,18,428,102,26,273,43,195,2,2,80,1,1,4,1,10,1
1,1,108,14,23,3,1,63,63,375,8,21,182,1,1,22,60,1,8,1,10,67,34,364,203,22,1,53,10,74,317,113,3,1,94,6,46,109,556,7,3,524,86,106,52,1,46,265,4,12,116,16,3,4,7,2,17,290,314,1,305,19,20,5,539,17,4,1,411,1,18,8,4,325,22,14,392,1,112,119,178,1,1,68,236,45,94,87,589,272,3,5,6,20,34,202,10,196,4,10,24,15,4,2,2,30,150,1,23,18,434,103,27,276,43,197,2,2,81,1,1,4,1,10,1
1,1,104,13,22,3,1,61,61,358,8,20,175,1,1,22,58,1,8,1,10,65,33,347,194,21,1,51,10,71,302,109,3,1,91,5,44,104,528,7,3,498,83,102,51,1,44,253,4,11,112,15,3,4,7,2,16,277,300,1,291,18,20,5,512,17,4,1,391,1,18,8,4,310,22,14,373,1,108,115,171,1,1,65,226,43,91,84,559,260,3,5,6,19,33,194,10,188,4,10,23,14,4,2,2,29,143,1,23,18,413,99,26,264,42,189,2,2,78,1,1,4,1,10,1
1,1,104,13,22,3,1,61,61,358,8,20,175,1,1,22,58,1,8,1,10,65,33,348,194,21,1,51,10,71,303,109,3,1,91,5,44,105,529,7,3,499,83,102,51,1,44,254,4,11,112,15,3,4,7,2,16,277,300,1,291,18,20,5,513,17,4,1,392,1,18,8,4,310,22,14,374,1,108,115,171,1,1,65,226,43,91,84,560,260,3,5,6,19,33,194,10,188,4,10,23,14,4,2,2,29,144,1,23,18,413,99,26,264,42,189,2,2,78,1,1,4,1,10,1
1,1,104,13,22,3,1,61,61,356,8,20,174,1,1,22,58,1,8,1,10,64,33,346,193,21,1,51,10,71,301,108,3,1,90,5,44,104,526,7,3,496,82,102,50,1,44,252,4,11,112,15,3,4,7,2,16,276,299,1,290,18,20,5,510,17,4,1,390,1,18,8,4,309,22,14,372,1,108,114,170,1,1,65,225,43,91,84,557,259,3,5,6,19,33,193,10,187,4,10,23,14,4,2,2,29,143,1,22,18,411,98,26,263,42,188,2,2,78,1,1,4,1,10,1
1,1,103,13,22,3,1,61,61,355,8,20,174,1,1,22,58,1,8,1,10,64,33,345,193,21,1,51,10,71,300,108,3,1,90,5,44,104,524,7,3,494,82,102,50,1,44,252,4,11,111,15,3,4,7,2,16,275,298,1,289,18,20,5,508,17,4,1,389,1,18,8,4,308,22,14,371,1,108,114,170,1,1,65,225,43,90,84,555,258,3,5,6,19,33,193,10,187,4,10,23,14,4,2,2,29,143,1,22,18,410,98,26,262,42,187,2,2,78,1,1,4,1,10,1
1,1,90,12,20,2,1,54,54,300,7,18,149,1,1,20,51,1,7,1,9,57,29,291,165,19,1,45,9,62,254,94,3,1,79,5,39,90,437,7,3,413,72,89,45,1,39,214,3,11,97,14,3,4,6,2,15,234,252,1,245,17,18,5,425,16,3,1,327,1,16,7,4,260,20,13,312,1,94,99,146,1,1,57,192,39,79,73,463,220,3,4,6,18,30,165,9,160,3,9,21,13,4,2,2,26,123,1,20,16,344,86,23,223,37,161,2,2,68,1,1,4,1,9,1
1,1,102,13,22,3,1,60,60,351,8,20,172,1,1,22,57,1,8,1,10,64,32,341,191,21,1,51,10,70,297,107,3,1,89,5,44,103,518,7,3,488,81,101,50,1,44,249,4,11,110,15,3,4,7,2,16,272,295,1,285,18,20,5,502,17,3,1,384,1,18,8,4,304,22,14,367,1,106,113,168,1,1,64,222,43,89,83,548,256,3,5,6,19,33,191,10,185,4,10,23,14,4,2,2,29,141,1,22,17,405,97,26,259,42,185,2,2,77,1,1,4,1,10,1
1,1,103,13,22,3,1,60,61,353,8,20,173,1,1,22,57,1,8,1,10,64,33,343,192,21,1,51,10,71,298,107,3,1,90,5,44,103,520,7,3,491,82,101,50,1,44,250,4,11,111,15,3,4,7,2,16,273,296,1,287,18,20,5,505,17,4,1,386,1,18,8,4,306,22,14,368,1,107,114,169,1,1,65,223,43,90,83,551,257,3,5,6,19,33,191,10,186,4,10,23,14,4,2,2,29,142,1,22,17,407,98,26,261,42,186,2,2,77,1,1,4,1,10,1
1,1,102,13,22,3,1,60,60,350,8,20,172,1,1,22,57,1,8,1,10,64,32,340,191,21,1,51,10,70,296,107,3,1,89,5,44,103,517,7,3,487,81,101,50,1,43,248,4,11,110,15,3,4,7,2,16,272,294,1,285,18,20,5,501,17,3,1,383,1,18,8,4,304,22,14,366,1,106,113,168,1,1,64,222,43,89,83,547,255,3,5,6,19,33,190,10,184,4,10,23,14,4,2,2,29,141,1,22,17,404,97,26,259,41,185,2,2,77,1,1,4,1,10,1
1,1,102,13,22,3,1,60,60,349,8,20,171,1,1,22,57,1,8,1,10,63,32,339,190,21,1,51,10,70,295,107,3,1,89,5,44,102,515,7,3,486,81,100,50,1,43,248,4,11,110,15,3,4,7,2,16,271,293,1,284,18,20,5,499,17,3,1,382,1,18,8,4,303,22,14,365,1,106,113,167,1,1,64,221,43,89,83,545,254,3,5,6,19,33,190,10,184,4,10,23,14,4,2,2,29,141,1,22,17,403,97,26,258,41,185,2,2,77,1,1,4,1,10,1
funcType,2
1,1,135,16,27,3,1,77,78,495,9,24,233,1,1,26,73,1,9,1,12,82,40,480,260,26,1,65,11,91,415,142,4,1,117,6,55,136,744,8,3,700,106,133,63,1,55,344,4,13,146,18,3,4,8,2,19,378,411,1,398,22,24,6,721,20,4,1,544,1,21,9,4,425,26,16,518,1,141,150,228,1,1,83,305,54,117,108,791,354,3,5,7,23,41,260,11,252,4,11,28,17,5,2,2,36,189,1,27,21,575,128,31,360,52,253,2,3,100,1,1,4,1,11,1
1,1,133,15,26,3,1,76,76,485,9,24,229,1,1,26,72,1,9,1,12,81,40,471,256,25,1,64,11,90,407,139,4,1,115,6,55,134,730,8,3,686,105,131,63,1,54,338,4,13,144,18,3,4,8,2,19,371,404,1,391,22,24,6,707,20,4,1,534,1,21,9,4,417,26,16,508,1,139,148,224,1,1,82,300,53,115,107,775,348,3,5,7,23,40,255,11,247,4,11,27,17,4,2,2,35,186,1,27,21,564,126,31,353,52,248,2,3,99,1,1,4,1,11,1
1,1,132,15,26,3,1,76,76,482,9,24,228,1,1,26,72,1,9,1,11,80,40,468,254,25,1,63,11,89,405,139,4,1,115,6,54,133,725,8,3,682,104,130,62,1,54,336,4,13,143,18,3,4,8,2,19,369,401,1,388,22,23,6,702,20,4,1,530,1,21,9,4,415,26,16,505,1,138,147,223,1,1,81,298,53,115,106,770,346,3,5,7,23,40,254,11,246,4,11,27,17,4,2,2,35,185,1,27,21,560,125,31,351,51,247,2,3,98,1,1,4,1,11,1
1,1,130,15,26,3,1,75,75,474,9,24,225,1,1,26,71,1,9,1,11,79,39,460,251,25,1,63,11,88,398,137,4,1,113,6,54,131,712,8,3,670,103,128,62,1,53,331,4,13,141,18,3,4,7,2,19,363,395,1,382,21,23,6,690,20,4,1,521,1,21,9,4,408,26,16,496,1,136,145,219,1,1,80,294,53,113,105,757,340,3,5,7,23,40,250,11,242,4,11,27,16,4,2,2,35,183,1,26,20,550,124,31,345,51,243,2,3,97,1,1,4,1,11,1
1,1,132,15,26,3,1,76,76,481,9,24,227,1,1,26,72,1,9,1,11,80,40,467,254,25,1,63,11,89,404,138,4,1,115,6,54,133,723,8,3,680,104,130,62,1,54,335,4,13,143,18,3,4,8,2,19,368,400,1,387,22,23,6,701,20,4,1,529,1,21,9,4,414,26,16,504,1,138,147,222,1,1,81,298,53,115,106,768,345,3,5,7,23,40,254,11,245,4,11,27,17,4,2,2,35,185,1,27,21,559,125,31,350,51,246,2,3,98,1,1,4,1,11,1
1,1,131,15,26,3,1,75,75,475,9,24,225,1,1,26,71,1,9,1,11,79,39,461,251,25,1,63,11,88,398,137,4,1,113,6,54,131,713,8,3,671,103,128,62,1,53,331,4,13,141,18,3,4,7,2,19,364,395,1,382,21,23,6,691,20,4,1,522,1,21,9,4,409,26,16,497,1,136,145,220,1,1,80,294,53,114,105,758,341,3,5,7,23,40,250,11,243,4,11,27,16,4,2,2,35,183,1,26,20,551,124,31,346,51,243,2,3,97,1,1,4,1,11,1
1,1,134,16,27,3,1,77,77,489,9,24,231,1,1,26,73,1,9,1,12,81,40,475,258,26,1,64,11,90,410,140,4,1,116,6,55,135,736,8,3,692,105,132,63,1,54,341,4,13,145,18,3,4,8,2,19,374,407,1,394,22,24,6,713,20,4,1,538,1,21,9,4,421,26,16,512,1,140,149,226,1,1,82,302,54,116,107,782,350,3,5,7,23,41,257,11,249,4,11,28,17,4,2,2,35,188,1,27,21,568,127,31,356,52,250,2,3,99,1,1,4,1,11,1
1,1,136,16,27,3,1,78,78,500,9,24,236,1,1,26,74,1,9,1,12,83,41,485,263,26,1,65,12,92,419,143,4,1,118,6,56,137,754,8,3,709,107,134,64,1,55,348,4,13,147,18,3,4,8,2,19,382,416,1,402,22,24,6,730,20,4,1,550,1,21,9,4,430,26,16,524,1,142,151,230,1,1,84,309,54,118,109,801,358,3,5,7,23,41,263,11,254,4,11,28,17,5,2,2,36,191,1,27,21,582,129,32,364,53,255,2,3,101,1,1,4,1,11,1
1,1,127,15,26,3,1,73,73,459,9,23,218,1,1,25,69,1,9,1,11,77,38,445,243,25,1,61,11,86,385,133,4,1,110,6,53,128,687,8,3,646,100,125,60,1,52,320,4,13,137,17,3,4,7,2,18,352,382,1,370,21,23,6,666,19,4,1,504,1,20,9,4,395,25,16,480,1,132,141,213,1,1,78,285,51,110,102,730,329,3,5,7,22,39,243,11,235,4,11,27,16,4,2,2,34,178,1,26,20,532,120,30,335,50,236,2,3,95,1,1,4,1,11,1
1,1,138,16,27,3,1,79,79,507,9,25,238,1,1,27,74,1,9,1,12,83,41,492,266,26,1,66,12,93,425,145,4,1,119,6,56,139,765,8,3,719,108,135,65,1,56,353,4,13,149,18,3,4,8,2,19,388,422,1,408,22,24,6,741,20,4,1,558,1,22,9,4,436,27,17,531,1,144,153,233,1,1,84,313,55,120,111,813,363,3,5,7,24,42,266,11,257,4,12,28,17,5,2,2,36,194,1,28,21,590,131,32,368,53,258,2,3,102,1,1,4,1,11,1
1,1,133,16,27,3,1,77,77,488,9,24,230,1,1,26,72,1,9,1,12,81,40,473,257,25,1,64,11,90,409,140,4,1,116,6,55,134,733,8,3,690,105,131,63,1,54,340,4,13,144,18,3,4,8,2,19,373,406,1,392,22,24,6,710,20,4,1,536,1,21,9,4,419,26,16,510,1,139,148,225,1,1,82,301,54,116,107,779,349,3,5,7,23,41,257,11,248,4,11,27,17,4,2,2,35,187,1,27,21,566,126,31,355,52,249,2,3,99,1,1,4,1,11,1
1,1,130,15,26,3,1,75,75,473,9,24,224,1,1,26,71,1,9,1,11,79,39,458,250,25,1,62,11,88,396,136,4,1,113,6,54,131,709,8,3,667,103,128,61,1,53,330,4,13,141,18,3,4,7,2,19,362,393,1,381,21,23,6,687,20,4,1,519,1,21,9,4,407,26,16,494,1,136,144,219,1,1,80,293,52,113,105,754,339,3,5,7,23,40,249,11,241,4,11,27,16,4,2,2,35,182,1,26,20,548,123,31,344,51,242,2,3,97,1,1,4,1,11,1
1,1,133,15,26,3,1,76,76,485,9,24,229,1,1,26,72,1,9,1,12,81,40,471,256,25,1,64,11,90,407,139,4,1,115,6,55,134,730,8,3,686,105,131,63,1,54,338,4,13,144,18,3,4,8,2,19,371,404,1,391,22,24,6,707,20,4,1,534,1,21,9,4,417,26,16,508,1,139,148,224,1,1,82,300,53,115,107,775,348,3,5,7,23,40,255,11,247,4,11,27,17,4,2,2,35,186,1,27,21,564,126,31,353,52,248,2,3,99,1,1,4,1,11,1
1,1,128,15,26,3,1,74,74,462,9,23,219,1,1,25,70,1,9,1,11,78,39,448,245,25,1,62,11,86,388,134,4,1,111,6,53,128,692,8,3,652,101,126,60,1,52,323,4,13,138,17,3,4,7,2,18,354,385,1,372,21,23,6,671,19,4,1,507,1,20,9,4,398,25,16,483,1,133,142,214,1,1,79,287,52,111,103,736,332,3,5,7,22,39,244,11,237,4,11,27,16,4,2,2,34,179,1,26,20,536,121,30,337,50,238,2,3,95,1,1,4,1,11,1
1,1,133,15,26,3,1,76,76,484,9,24,229,1,1,26,72,1,9,1,11,81,40,470,255,25,1,64,11,89,406,139,4,1,115,6,54,133,728,8,3,684,104,130,62,1,54,337,4,13,143,18,3,4,8,2,19,370,403,1,390,22,23,6,705,20,4,1,532,1,21,9,4,416,26,16,507,1,138,147,224,1,1,82,299,53,115,107,773,347,3,5,7,23,40,255,11,247,4,11,27,17,4,2,2,35,186,1,27,21,562,126,31,352,52,248,2,3,99,1,1,4,1,11,1
1,1,131,15,26,3,1,75,76,478,9,24,226,1,1,26,71,1,9,1,11,80,39,463,252,25,1,63,11,89,401,138,4,1,114,6,54,132,718,8,3,675,103,129,62,1,54,333,4,13,142,18,3,4,8,2,19,366,398,1,385,21,23,6,695,20,4,1,525,1,21,9,4,411,26,16,500,1,137,146,221,1,1,81,296,53,114,105,763,342,3,5,7,23,40,252,11,244,4,11,27,16,4,2,2,35,184,1,27,21,555,124,31,348,51,245,2,3,98,1,1,4,1,11,1
1,1,130,15,26,3,1,75,75,473,9,24,224,1,1,26,71,1,9,1,11,79,39,458,250,25,1,62,11,88,396,136,4,1,113,6,54,131,709,8,3,667,103,128,61,1,53,330,4,13,141,18,3,4,7,2,19,362,393,1,381,21,23,6,687,20,4,1,519,1,21,9,4,407,26,16,494,1,136,144,219,1,1,80,293,52,113,105,754,339,3,5,7,23,40,249,11,241,4,11,27,16,4,2,2,35,182,1,26,20,548,123,31,344,51,242,2,3,97,1,1,4,1,11,1
1,1,131,15,26,3,1,75,76,478,9,24,226,1,1,26,71,1,9,1,11,80,39,463,252,25,1,63,11,89,401,138,4,1,114,6,54,132,718,8,3,675,103,129,62,1,54,333,4,13,142,18,3,4,8,2,19,366,398,1,385,21,23,6,695,20,4,1,525,1,21,9,4,411,26,16,500,1,137,146,221,1,1,81,296,53,114,105,763,342,3,5,7,23,40,252,11,244,4,11,27,16,4,2,2,35,184,1,27,21,555,124,31,348,51,245,2,3,98,1,1,4,1,11,1
1,1,129,15,26,3,1,74,75,468,9,24,222,1,1,25,70,1,9,1,11,79,39,454,248,25,1,62,11,87,393,135,4,1,112,6,53,130,703,8,3,661,102,127,61,1,53,327,4,13,140,17,3,4,7,2,19,359,390,1,377,21,23,6,681,20,4,1,515,1,21,9,4,403,25,16,490,1,135,143,217,1,1,80,290,52,112,104,747,336,3,5,7,23,40,247,11,240,4,11,27,16,4,2,2,34,181,1,26,20,544,122,30,341,50,240,2,3,96,1,1,4,1,11,1
1,1,129,15,26,3,1,74,74,466,9,24,221,1,1,25,70,1,9,1,11,78,39,452,247,25,1,62,11,87,391,135,4,1,112,6,53,129,699,8,3,658,101,127,61,1,53,325,4,13,139,17,3,4,7,2,19,357,388,1,376,21,23,6,677,20,4,1,512,1,21,9,4,401,25,16,488,1,134,143,216,1,1,79,289,52,112,103,743,335,3,5,7,23,39,246,11,238,4,11,27,16,4,2,2,34,180,1,26,20,541,122,30,340,50,239,2,3,96,1,1,4,1,11,1
1,1,132,15,26,3,1,76,76,482,9,24,228,1,1,26,72,1,9,1,11,80,40,468,254,25,1,63,11,89,405,139,4,1,115,6,54,133,725,8,3,682,104,130,62,1,54,336,4,13,143,18,3,4,8,2,19,369,401,1,388,22,23,6,702,20,4,1,530,1,21,9,4,415,26,16,505,1,138,147,223,1,1,81,298,53,115,106,770,346,3,5,7,23,40,254,11,246,4,11,27,17,4,2,2,35,185,1,27,21,560,125,31,351,51,247,2,3,98,1,1,4,1,11,1
1,1,135,16,27,3,1,77,78,495,9,24,233,1,1,26,73,1,9,1,12,82,40,480,260,26,1,65,11,91,415,142,4,1,117,6,55,136,744,8,3,700,106,133,63,1,55,344,4,13,146,18,3,4,8,2,19,378,411,1,398,22,24,6,721,20,4,1,544,1,21,9,4,425,26,16,518,1,141,150,228,1,1,83,305,54,117,108,791,354,3,5,7,23,41,260,11,252,4,11,28,17,5,2,2,36,189,1,27,21,575,128,31,360,52,253,2,3,100,1,1,4,1,11,1
1,1,127,15,26,3,1,73,74,460,9,23,218,1,1,25,69,1,9,1,11,78,38,446,244,25,1,61,11,86,386,133,4,1,111,6,53,128,689,8,3,648,100,125,60,1,52,321,4,13,137,17,3,4,7,2,18,352,383,1,371,21,23,6,667,19,4,1,505,1,20,9,4,396,25,16,481,1,133,141,213,1,1,79,285,51,111,102,732,330,3,5,7,22,39,243,11,236,4,11,27,16,4,2,2,34,178,1,26,20,533,121,30,335,50,236,2,3,95,1,1,4,1,11,1
1,1,131,15,26,3,1,76,76,479,9,24,226,1,1,26,71,1,9,1,11,80,39,464,253,25,1,63,11,89,402,138,4,1,114,6,54,132,719,8,3,677,104,129,62,1,54,334,4,13,142,18,3,4,8,2,19,367,398,1,386,21,23,6,697,20,4,1,526,1,21,9,4,412,26,16,501,1,137,146,221,1,1,81,296,53,114,106,765,343,3,5,7,23,40,252,11,244,4,11,27,16,4,2,2,35,184,1,27,21,556,125,31,349,51,245,2,3,98,1,1,4,1,11,1
1,1,129,15,26,3,1,75,75,470,9,24,223,1,1,25,70,1,9,1,11,79,39,456,249,25,1,62,11,88,395,136,4,1,113,6,53,130,705,8,3,664,102,127,61,1,53,328,4,13,140,18,3,4,7,2,19,360,391,1,379,21,23,6,683,20,4,1,517,1,21,9,4,405,25,16,492,1,135,144,218,1,1,80,291,52,113,104,750,337,3,5,7,23,40,248,11,240,4,11,27,16,4,2,2,34,181,1,26,20,546,123,30,343,51,241,2,3,96,1,1,4,1,11,1
1,1,132,15,26,3,1,76,76,481,9,24,227,1,1,26,72,1,9,1,11,80,40,466,254,25,1,63,11,89,403,138,4,1,114,6,54,133,722,8,3,679,104,130,62,1,54,335,4,13,143,18,3,4,8,2,19,368,400,1,387,21,23,6,700,20,4,1,528,1,21,9,4,413,26,16,503,1,138,146,222,1,1,81,297,53,115,106,767,344,3,5,7,23,40,253,11,245,4,11,27,16,4,2,2,35,185,1,27,21,558,125,31,350,51,246,2,3,98,1,1,4,1,11,1
1,1,125,15,25,3,1,72,73,452,9,23,215,1,1,25,69,1,9,1,11,77,38,438,240,24,1,61,11,85,380,132,4,1,109,6,52,126,677,8,3,637,99,123,60,1,52,316,4,13,136,17,3,4,7,2,18,347,377,1,365,21,23,6,656,19,4,1,496,1,20,9,4,389,25,16,473,1,131,139,210,1,1,78,281,51,109,101,719,325,3,5,7,22,39,240,11,232,4,11,26,16,4,2,2,34,175,1,26,20,524,119,30,330,49,233,2,3,94,1,1,4,1,11,1
1,1,131,15,26,3,1,75,75,476,9,24,225,1,1,26,71,1,9,1,11,80,39,462,251,25,1,63,11,88,399,137,4,1,114,6,54,132,715,8,3,672,103,129,62,1,53,332,4,13,141,18,3,4,7,2,19,364,396,1,383,21,23,6,692,20,4,1,523,1,21,9,4,409,26,16,498,1,136,145,220,1,1,81,295,53,114,105,760,341,3,5,7,23,40,251,11,243,4,11,27,16,4,2,2,35,183,1,27,20,553,124,31,347,51,244,2,3,97,1,1,4,1,11,1
1,1,134,16,27,3,1,77,77,490,9,24,231,1,1,26,73,1,9,1,12,81,40,475,258,26,1,64,11,90,411,140,4,1,116,6,55,135,737,8,3,693,105,132,63,1,55,341,4,13,145,18,3,4,8,2,19,375,407,1,394,22,24,6,714,20,4,1,539,1,21,9,4,421,26,16,513,1,140,149,226,1,1,82,303,54,116,108,783,351,3,5,7,23,41,258,11,249,4,11,28,17,4,2,2,35,188,1,27,21,569,127,31,356,52,250,2,3,100,1,1,4,1,11,1
1,1,133,16,27,3,1,76,77,486,9,24,229,1,1,26,72,1,9,1,12,81,40,471,256,25,1,64,11,90,407,139,4,1,115,6,55,134,731,8,3,687,105,131,63,1,54,338,4,13,144,18,3,4,8,2,19,372,404,1,391,22,24,6,708,20,4,1,534,1,21,9,4,418,26,16,509,1,139,148,224,1,1,82,300,53,116,107,776,348,3,5,7,23,40,256,11,248,4,11,27,17,4,2,2,35,187,1,27,21,564,126,31,354,52,249,2,3,99,1,1,4,1,11,1
funcType,3
1,1,119,14,24,3,1,69,69,422,8,22,202,1,1,24,65,1,8,1,11,73,36,410,225,23,1,58,11,81,355,124,4,1,103,6,50,119,629,7,3,593,94,117,57,1,49,296,4,12,128,17,3,4,7,2,18,325,352,1,341,20,22,5,610,19,4,1,463,1,19,9,4,364,24,15,441,1,124,132,198,1,1,74,264,49,103,96,668,304,3,5,7,21,37,225,10,218,4,11,25,15,4,2,2,32,165,1,25,19,489,113,29,309,47,219,2,3,89,1,1,4,1,11,1
1,1,100,13,22,3,1,59,59,340,8,20,167,1,1,21,56,1,8,1,10,62,32,331,186,21,1,50,10,69,288,104,3,1,87,5,43,100,501,7,3,472,80,98,49,1,43,242,4,11,107,15,3,4,7,2,16,264,286,1,277,18,19,5,486,17,3,1,372,1,17,8,4,295,21,14,355,1,104,110,164,1,1,63,216,42,87,81,531,248,3,5,6,19,32,185,9,180,4,10,22,14,4,2,2,28,137,1,22,17,392,95,25,252,41,180,2,2,75,1,1,4,1,10,1
1,1,97,13,21,2,1,57,58,328,8,19,162,1,1,21,54,1,8,1,10,61,31,319,180,20,1,48,10,67,278,101,3,1,85,5,42,97,482,7,3,455,77,95,48,1,42,234,4,11,104,15,3,4,6,2,15,255,276,1,268,17,19,5,468,16,3,1,359,1,17,8,4,285,21,13,343,1,101,107,158,1,1,61,209,41,85,79,511,240,3,5,6,19,32,179,9,174,4,10,22,14,4,2,2,28,133,1,21,17,378,92,25,243,40,175,2,2,73,1,1,4,1,9,1
1,1,99,13,22,2,1,58,59,337,8,20,166,1,1,21,55,1,8,1,10,62,32,327,184,21,1,49,10,68,285,103,3,1,86,5,43,99,495,7,3,467,79,97,48,1,42,239,4,11,107,15,3,4,7,2,16,261,283,1,274,18,19,5,481,16,3,1,368,1,17,8,4,292,21,13,352,1,103,109,162,1,1,62,214,42,87,80,525,246,3,5,6,19,32,184,9,178,4,10,22,14,4,2,2,28,136,1,22,17,388,94,25,249,40,179,2,2,75,1,1,4,1,10,1
1,1,100,13,22,3,1,59,59,340,8,20,167,1,1,21,56,1,8,1,10,62,32,330,185,21,1,50,10,69,287,104,3,1,87,5,43,100,500,7,3,472,79,98,49,1,43,241,4,11,107,15,3,4,7,2,16,264,285,1,277,18,19,5,485,17,3,1,372,1,17,8,4,294,21,14,355,1,104,110,163,1,1,63,215,42,87,81,530,248,3,5,6,19,32,185,9,179,4,10,22,14,4,2,2,28,137,1,22,17,391,95,25,251,41,180,2,2,75,1,1,4,1,10,1
1,1,99,13,22,2,1,58,59,337,8,20,166,1,1,21,55,1,8,1,10,62,32,327,184,21,1,49,10,68,285,103,3,1,86,5,43,99,495,7,3,467,79,97,48,1,42,239,4,11,107,15,3,4,7,2,16,261,283,1,274,18,19,5,481,16,3,1,368,1,17,8,4,292,21,13,352,1,103,109,162,1,1,62,214,42,87,80,525,246,3,5,6,19,32,184,9,178,4,10,22,14,4,2,2,28,136,1,22,17,388,94,25,249,40,179,2,2,75,1,1,4,1,10,1
1,1,98,13,21,2,1,58,58,332,8,19,163,1,1,21,55,1,8,1,10,61,31,322,181,21,1,49,10,67,281,102,3,1,86,5,42,98,488,7,3,460,78,96,48,1,42,236,4,11,105,15,3,4,7,2,16,258,279,1,270,18,19,5,473,16,3,1,363,1,17,8,4,288,21,13,347,1,102,108,160,1,1,62,211,41,86,80,517,242,3,5,6,19,32,181,9,176,4,10,22,14,4,2,2,28,135,1,22,17,382,93,25,246,40,176,2,2,74,1,1,4,1,9,1
1,1,98,13,21,2,1,58,58,334,8,20,164,1,1,21,55,1,8,1,10,61,31,324,182,21,1,49,10,68,283,103,3,1,86,5,42,99,491,7,3,463,78,97,48,1,42,237,4,11,106,15,3,4,7,2,16,259,280,1,272,18,19,5,476,16,3,1,365,1,17,8,4,289,21,13,348,1,102,108,161,1,1,62,212,41,86,80,520,244,3,5,6,19,32,182,9,177,4,10,22,14,4,2,2,28,135,1,22,17,384,93,25,247,40,177,2,2,74,1,1,4,1,10,1
1,1,98,13,21,2,1,58,58,331,8,19,163,1,1,21,55,1,8,1,10,61,31,322,181,20,1,49,10,67,281,102,3,1,85,5,42,98,487,7,3,459,78,96,48,1,42,236,4,11,105,15,3,4,7,2,16,257,278,1,270,18,19,5,472,16,3,1,362,1,17,8,4,287,21,13,346,1,102,108,160,1,1,62,211,41,85,79,516,242,3,5,6,19,32,181,9,175,4,10,22,14,4,2,2,28,134,1,22,17,382,93,25,245,40,176,2,2,74,1,1,4,1,9,1
1,1,102,13,22,3,1,60,60,348,8,20,171,1,1,21,57,1,8,1,10,63,32,338,189,21,1,50,10,70,294,106,3,1,89,5,44,102,513,7,3,484,81,100,50,1,43,247,4,11,109,15,3,4,7,2,16,270,292,1,283,18,20,5,498,17,3,1,381,1,18,8,4,302,21,14,363,1,106,112,167,1,1,64,220,43,89,83,543,253,3,5,6,19,33,189,10,183,4,10,23,14,4,2,2,29,140,1,22,17,401,97,25,257,41,184,2,2,77,1,1,4,1,10,1
1,1,98,13,21,2,1,58,58,331,8,19,163,1,1,21,55,1,8,1,10,61,31,322,181,20,1,49,10,67,281,102,3,1,85,5,42,98,487,7,3,459,78,96,48,1,42,236,4,11,105,15,3,4,7,2,16,257,278,1,270,18,19,5,472,16,3,1,362,1,17,8,4,287,21,13,346,1,102,108,160,1,1,62,211,41,85,79,516,242,3,5,6,19,32,181,9,175,4,10,22,14,4,2,2,28,134,1,22,17,382,93,25,245,40,176,2,2,74,1,1,4,1,9,1
1,1,100,13,22,3,1,59,59,340,8,20,167,1,1,21,56,1,8,1,10,62,32,330,185,21,1,50,10,69,287,104,3,1,87,5,43,100,500,7,3,472,79,98,49,1,43,241,4,11,107,15,3,4,7,2,16,264,285,1,277,18,19,5,485,17,3,1,372,1,17,8,4,294,21,14,355,1,104,110,163,1,1,63,215,42,87,81,530,248,3,5,6,19,32,185,9,179,4,10,22,14,4,2,2,28,137,1,22,17,391,95,25,251,41,180,2,2,75,1,1,4,1,10,1
1,1,97,13,21,2,1,58,58,331,8,19,163,1,1,21,55,1,8,1,10,61,31,321,181,20,1,49,10,67,280,102,3,1,85,5,42,98,486,7,3,459,78,96,48,1,42,235,4,11,105,15,3,4,7,2,16,257,278,1,269,18,19,5,471,16,3,1,362,1,17,8,4,287,21,13,345,1,101,108,160,1,1,62,210,41,85,79,515,241,3,5,6,19,32,181,9,175,4,10,22,14,4,2,2,28,134,1,22,17,381,93,25,245,40,176,2,2,74,1,1,4,1,9,1
1,1,99,13,21,2,1,58,59,336,8,20,165,1,1,21,55,1,8,1,10,62,32,326,183,21,1,49,10,68,285,103,3,1,86,5,43,99,494,7,3,466,79,97,48,1,42,239,4,11,106,15,3,4,7,2,16,261,282,1,274,18,19,5,480,16,3,1,368,1,17,8,4,291,21,13,351,1,103,109,162,1,1,62,213,42,86,80,524,245,3,5,6,19,32,183,9,178,4,10,22,14,4,2,2,28,136,1,22,17,387,94,25,249,40,178,2,2,75,1,1,4,1,10,1
1,1,100,13,22,3,1,59,59,340,8,20,167,1,1,21,56,1,8,1,10,62,32,331,186,21,1,50,10,69,288,104,3,1,87,5,43,100,501,7,3,472,80,98,49,1,43,242,4,11,107,15,3,4,7,2,16,264,286,1,277,18,19,5,486,17,3,1,372,1,17,8,4,295,21,14,355,1,104,110,164,1,1,63,216,42,87,81,531,248,3,5,6,19,32,185,9,180,4,10,22,14,4,2,2,28,137,1,22,17,392,95,25,252,41,180,2,2,75,1,1,4,1,10,1
1,1,99,13,22,3,1,59,59,339,8,20,167,1,1,21,56,1,8,1,10,62,32,329,185,21,1,50,10,68,287,104,3,1,87,5,43,100,499,7,3,471,79,98,49,1,43,241,4,11,107,15,3,4,7,2,16,263,285,1,276,18,19,5,484,17,3,1,371,1,17,8,4,294,21,14,354,1,104,110,163,1,1,63,215,42,87,81,529,247,3,5,6,19,32,185,9,179,4,10,22,14,4,2,2,28,137,1,22,17,391,95,25,251,41,180,2,2,75,1,1,4,1,10,1
1,1,98,13,21,2,1,58,58,334,8,20,165,1,1,21,55,1,8,1,10,61,31,325,183,21,1,49,10,68,283,103,3,1,86,5,42,99,491,7,3,464,78,97,48,1,42,238,4,11,106,15,3,4,7,2,16,260,281,1,272,18,19,5,477,16,3,1,366,1,17,8,4,290,21,13,349,1,102,109,161,1,1,62,212,42,86,80,521,244,3,5,6,19,32,182,9,177,4,10,22,14,4,2,2,28,135,1,22,17,385,94,25,248,40,177,2,2,74,1,1,4,1,10,1
1,1,99,13,22,2,1,59,59,338,8,20,166,1,1,21,56,1,8,1,10,62,32,328,184,21,1,49,10,68,286,104,3,1,87,5,43,100,497,7,3,469,79,98,49,1,42,240,4,11,107,15,3,4,7,2,16,262,284,1,275,18,19,5,482,17,3,1,370,1,17,8,4,293,21,14,353,1,103,110,163,1,1,63,214,42,87,81,527,246,3,5,6,19,32,184,9,179,4,10,22,14,4,2,2,28,137,1,22,17,389,94,25,250,40,179,2,2,75,1,1,4,1,10,1
1,1,98,13,21,2,1,58,58,331,8,19,163,1,1,21,55,1,8,1,10,61,31,322,181,20,1,49,10,67,281,102,3,1,85,5,42,98,487,7,3,459,78,96,48,1,42,236,4,11,105,15,3,4,7,2,16,257,278,1,270,18,19,5,472,16,3,1,362,1,17,8,4,287,21,13,346,1,102,108,160,1,1,62,211,41,85,79,516,242,3,5,6,19,32,181,9,175,4,10,22,14,4,2,2,28,134,1,22,17,382,93,25,245,40,176,2,2,74,1,1,4,1,9,1
1,1,101,13,22,3,1,60,60,347,8,20,170,1,1,21,57,1,8,1,10,63,32,337,189,21,1,50,10,70,293,106,3,1,89,5,43,102,511,7,3,482,81,100,50,1,43,246,4,11,109,15,3,4,7,2,16,269,291,1,282,18,20,5,496,17,3,1,380,1,18,8,4,301,21,14,362,1,105,112,166,1,1,64,220,43,89,82,541,253,3,5,6,19,33,189,10,183,4,10,23,14,4,2,2,29,140,1,22,17,400,96,25,256,41,183,2,2,76,1,1,4,1,10,1
1,1,98,13,21,2,1,58,58,332,8,19,163,1,1,21,55,1,8,1,10,61,31,322,181,21,1,49,10,67,281,102,3,1,86,5,42,98,488,7,3,460,78,96,48,1,42,236,4,11,105,15,3,4,7,2,16,258,279,1,270,18,19,5,473,16,3,1,363,1,17,8,4,288,21,13,347,1,102,108,160,1,1,62,211,41,86,80,517,242,3,5,6,19,32,181,9,176,4,10,22,14,4,2,2,28,135,1,22,17,382,93,25,246,40,176,2,2,74,1,1,4,1,9,1
1,1,99,13,22,2,1,59,59,337,8,20,166,1,1,21,56,1,8,1,10,62,32,328,184,21,1,49,10,68,286,104,3,1,87,5,43,100,496,7,3,468,79,97,49,1,42,240,4,11,107,15,3,4,7,2,16,262,283,1,275,18,19,5,481,17,3,1,369,1,17,8,4,292,21,13,352,1,103,109,162,1,1,63,214,42,87,81,526,246,3,5,6,19,32,184,9,178,4,10,22,14,4,2,2,28,136,1,22,17,389,94,25,250,40,179,2,2,75,1,1,4,1,10,1
1,1,97,13,21,2,1,58,58,330,8,19,163,1,1,21,55,1,8,1,10,61,31,321,180,20,1,49,10,67,280,102,3,1,85,5,42,98,485,7,3,458,78,96,48,1,42,235,4,11,105,15,3,4,7,2,16,256,277,1,269,18,19,5,471,16,3,1,361,1,17,8,4,286,21,13,345,1,101,107,159,1,1,62,210,41,85,79,514,241,3,5,6,19,32,180,9,175,4,10,22,14,4,2,2,28,134,1,22,17,380,93,25,245,40,175,2,2,74,1,1,4,1,9,1
1,1,99,13,22,2,1,58,59,337,8,20,166,1,1,21,55,1,8,1,10,62,32,327,184,21,1,49,10,68,285,103,3,1,86,5,43,99,495,7,3,467,79,97,48,1,42,239,4,11,107,15,3,4,7,2,16,261,283,1,274,18,19,5,481,16,3,1,368,1,17,8,4,292,21,13,352,1,103,109,162,1,1,62,214,42,87,80,525,246,3,5,6,19,32,184,9,178,4,10,22,14,4,2,2,28,136,1,22,17,388,94,25,249,40,179,2,2,75,1,1,4,1,10,1
1,1,100,13,22,3,1,59,59,340,8,20,167,1,1,21,56,1,8,1,10,62,32,330,185,21,1,50,10,69,287,104,3,1,87,5,43,100,500,7,3,472,79,98,49,1,43,241,4,11,107,15,3,4,7,2,16,264,285,1,277,18,19,5,485,17,3,1,372,1,17,8,4,294,21,14,355,1,104,110,163,1,1,63,215,42,87,81,530,248,3,5,6,19,32,185,9,179,4,10,22,14,4,2,2,28,137,1,22,17,391,95,25,251,41,180,2,2,75,1,1,4,1,10,1
1,1,99,13,22,2,1,59,59,338,8,20,166,1,1,21,56,1,8,1,10,62,32,328,184,21,1,49,10,68,286,104,3,1,87,5,43,100,497,7,3,469,79,98,49,1,42,240,4,11,107,15,3,4,7,2,16,262,284,1,275,18,19,5,482,17,3,1,370,1,17,8,4,293,21,14,353,1,103,110,163,1,1,63,214,42,87,81,527,246,3,5,6,19,32,184,9,179,4,10,22,14,4,2,2,28,137,1,22,17,389,94,25,250,40,179,2,2,75,1,1,4,1,10,1
1,1,98,13,21,2,1,58,58,333,8,19,164,1,1,21,55,1,8,1,10,61,31,323,182,21,1,49,10,67,282,102,3,1,86,5,42,98,489,7,3,461,78,96,48,1,42,236,4,11,105,15,3,4,7,2,16,258,279,1,271,18,19,5,474,16,3,1,364,1,17,8,4,288,21,13,347,1,102,108,160,1,1,62,211,41,86,80,518,243,3,5,6,19,32,181,9,176,4,10,22,14,4,2,2,28,135,1,22,17,383,93,25,246,40,177,2,2,74,1,1,4,1,10,1
1,1,99,13,22,2,1,59,59,337,8,20,166,1,1,21,56,1,8,1,10,62,32,328,184,21,1,49,10,68,286,104,3,1,87,5,43,100,496,7,3,468,79,97,49,1,42,240,4,11,107,15,3,4,7,2,16,262,283,1,275,18,19,5,481,17,3,1,369,1,17,8,4,292,21,13,352,1,103,109,162,1,1,63,214,42,87,81,526,246,3,5,6,19,32,184,9,178,4,10,22,14,4,2,2,28,136,1,22,17,389,94,25,250,40,179,2,2,75,1,1,4,1,10,1
1,1,98,13,21,2,1,58,58,331,8,19,163,1,1,21,55,1,8,1,10,61,31,322,181,20,1,49,10,67,281,102,3,1,85,5,42,98,487,7,3,459,78,96,48,1,42,236,4,11,105,15,3,4,7,2,16,257,278,1,270,18,19,5,472,16,3,1,362,1,17,8,4,287,21,13,346,1,102,108,160,1,1,62,211,41,85,79,516,242,3,5,6,19,32,181,9,175,4,10,22,14,4,2,2,28,134,1,22,17,382,93,25,245,40,176,2,2,74,1,1,4,1,9,1
1,1,101,13,22,3,1,60,60,346,8,20,169,1,1,21,57,1,8,1,10,63,32,336,188,21,1,50,10,69,292,106,3,1,88,5,43,102,509,7,3,480,81,99,49,1,43,245,4,11,109,15,3,4,7,2,16,268,290,1,281,18,19,5,494,17,3,1,378,1,18,8,4,300,21,14,361,1,105,112,166,1,1,64,219,42,88,82,539,252,3,5,6,19,33,188,10,182,4,10,23,14,4,2,2,29,139,1,22,17,398,96,25,256,41,183,2,2,76,1,1,4,1,10,1
funcType,4
1,1,53,9,14,2,1,33,34,156,6,13,84,1,1,14,32,1,6,1,7,35,19,152,92,13,1,29,7,38,135,55,3,1,47,4,25,53,219,5,2,208,44,52,28,1,25,116,3,8,57,10,2,3,5,2,11,125,134,1,130,12,13,4,214,11,3,1,169,1,11,6,3,138,14,9,162,1,55,58,82,1,1,35,105,25,47,44,231,118,2,4,5,12,20,92,7,89,3,7,14,9,3,2,1,18,70,1,14,11,177,51,16,120,24,89,1,2,42,1,1,3,1,7,1
1,1,55,9,14,2,1,35,35,163,6,13,87,1,1,14,33,1,6,1,7,36,20,159,95,14,1,30,7,40,141,57,3,1,49,4,26,55,230,5,2,218,45,54,29,1,26,120,3,8,59,10,2,3,5,2,11,130,140,1,136,12,13,4,224,11,3,1,177,1,12,6,3,144,14,9,170,1,57,60,85,1,1,37,109,26,49,46,242,123,2,4,5,13,20,95,7,93,3,7,15,10,3,2,1,18,73,1,14,12,185,53,16,125,25,93,1,2,43,1,1,3,1,7,1
1,1,59,9,15,2,1,37,37,176,6,14,93,1,1,15,35,1,6,1,7,38,21,172,102,14,1,31,7,42,152,61,3,1,52,4,28,59,249,5,3,237,48,58,31,1,27,130,3,8,63,11,2,3,5,2,11,140,151,1,147,13,13,4,243,12,3,1,191,1,12,6,3,155,15,10,183,1,61,64,91,1,1,39,117,27,52,49,263,133,2,4,5,13,21,102,7,99,3,7,15,10,3,2,1,19,78,1,15,12,200,56,17,135,26,100,1,2,46,1,1,3,1,7,1
1,1,57,9,15,2,1,36,36,171,6,13,91,1,1,14,34,1,6,1,7,37,21,166,99,14,1,31,7,41,147,59,3,1,51,4,27,57,241,5,3,229,47,56,30,1,27,126,3,8,61,10,2,3,5,2,11,136,146,1,142,12,13,4,235,12,3,1,185,1,12,6,3,150,14,10,177,1,59,62,89,1,1,38,114,26,51,47,254,129,2,4,5,13,21,99,7,97,3,7,15,10,3,2,1,19,76,1,15,12,194,55,17,130,26,97,1,2,44,1,1,3,1,7,1
1,1,57,9,15,2,1,35,36,169,6,13,90,1,1,14,34,1,6,1,7,37,20,164,98,14,1,30,7,41,145,59,3,1,50,4,27,57,238,5,3,226,46,56,30,1,27,124,3,8,60,10,2,3,5,2,11,135,144,1,141,12,13,4,232,11,3,1,183,1,12,6,3,149,14,10,175,1,59,62,88,1,1,38,113,26,50,47,251,127,2,4,5,13,21,98,7,96,3,7,15,10,3,2,1,18,75,1,15,12,192,54,17,129,25,96,1,2,44,1,1,3,1,7,1
1,1,57,9,15,2,1,36,36,170,6,13,90,1,1,14,34,1,6,1,7,37,21,166,99,14,1,31,7,41,147,59,3,1,51,4,27,57,240,5,3,228,47,56,30,1,27,125,3,8,61,10,2,3,5,2,11,136,146,1,142,12,13,4,234,11,3,1,184,1,12,6,3,150,14,10,177,1,59,62,88,1,1,38,113,26,51,47,253,128,2,4,5,13,21,99,7,96,3,7,15,10,3,2,1,18,76,1,15,12,193,54,17,130,26,97,1,2,44,1,1,3,1,7,1
1,1,57,9,15,2,1,36,36,170,6,13,90,1,1,14,34,1,6,1,7,37,21,166,99,14,1,31,7,41,147,59,3,1,51,4,27,57,240,5,3,228,47,56,30,1,27,125,3,8,61,10,2,3,5,2,11,136,146,1,142,12,13,4,234,11,3,1,184,1,12,6,3,150,14,10,177,1,59,62,88,1,1,38,113,26,51,47,253,128,2,4,5,13,21,99,7,96,3,7,15,10,3,2,1,18,76,1,15,12,193,54,17,130,26,97,1,2,44,1,1,3,1,7,1
1,1,59,9,15,2,1,37,37,176,6,14,93,1,1,15,35,1,6,1,7,38,21,172,102,14,1,31,7,42,152,61,3,1,52,4,28,59,249,5,3,237,48,58,31,1,27,130,3,8,63,11,2,3,5,2,11,140,151,1,147,13,13,4,243,12,3,1,191,1,12,6,3,155,15,10,183,1,61,64,91,1,1,39,117,27,52,49,263,133,2,4,5,13,21,102,7,99,3,7,15,10,3,2,1,19,78,1,15,12,200,56,17,135,26,100,1,2,46,1,1,3,1,7,1
1,1,57,9,15,2,1,36,36,171,6,13,91,1,1,14,34,1,6,1,7,37,21,166,99,14,1,31,7,41,147,59,3,1,51,4,27,57,241,5,3,229,47,56,30,1,27,126,3,8,61,10,2,3,5,2,11,136,146,1,142,12,13,4,235,12,3,1,185,1,12,6,3,150,14,10,177,1,59,62,89,1,1,38,114,26,51,47,254,129,2,4,5,13,21,99,7,97,3,7,15,10,3,2,1,19,76,1,15,12,194,55,17,130,26,97,1,2,44,1,1,3,1,7,1
1,1,55,9,14,2,1,35,35,164,6,13,87,1,1,14,33,1,6,1,7,36,20,160,96,14,1,30,7,40,141,57,3,1,49,4,26,55,231,5,3,219,45,54,29,1,26,121,3,8,59,10,2,3,5,2,11,131,140,1,136,12,13,4,225,11,3,1,177,1,12,6,3,144,14,9,170,1,57,60,86,1,1,37,109,26,49,46,243,124,2,4,5,13,20,96,7,93,3,7,15,10,3,2,1,18,73,1,14,12,186,53,16,125,25,93,1,2,43,1,1,3,1,7,1
1,1,55,9,14,2,1,34,34,162,6,13,86,1,1,14,33,1,6,1,7,36,20,158,95,14,1,30,7,39,140,57,3,1,49,4,26,55,228,5,2,216,45,54,29,1,26,120,3,8,58,10,2,3,5,2,11,129,139,1,135,12,13,4,222,11,3,1,175,1,12,6,3,143,14,9,168,1,57,60,85,1,1,36,108,25,49,46,240,122,2,4,5,13,20,95,7,92,3,7,15,10,3,2,1,18,73,1,14,12,183,52,16,124,25,92,1,2,43,1,1,3,1,7,1
1,1,55,9,14,2,1,35,35,164,6,13,87,1,1,14,33,1,6,1,7,36,20,160,96,14,1,30,7,40,141,57,3,1,49,4,26,55,231,5,3,219,45,54,29,1,26,121,3,8,59,10,2,3,5,2,11,131,140,1,136,12,13,4,225,11,3,1,177,1,12,6,3,144,14,9,170,1,57,60,86,1,1,37,109,26,49,46,243,124,2,4,5,13,20,96,7,93,3,7,15,10,3,2,1,18,73,1,14,12,186,53,16,125,25,93,1,2,43,1,1,3,1,7,1
1,1,55,9,14,2,1,35,35,163,6,13,87,1,1,14,33,1,6,1,7,36,20,159,95,14,1,30,7,40,141,57,3,1,49,4,26,55,230,5,2,218,45,54,29,1,26,120,3,8,59,10,2,3,5,2,11,130,140,1,136,12,13,4,224,11,3,1,177,1,12,6,3,144,14,9,170,1,57,60,85,1,1,37,109,26,49,46,242,123,2,4,5,13,20,95,7,93,3,7,15,10,3,2,1,18,73,1,14,12,185,53,16,125,25,93,1,2,43,1,1,3,1,7,1
1,1,56,9,14,2,1,35,35,168,6,13,89,1,1,14,34,1,6,1,7,37,20,164,98,14,1,30,7,40,145,59,3,1,50,4,27,57,237,5,3,225,46,56,30,1,26,124,3,8,60,10,2,3,5,2,11,134,144,1,140,12,13,4,231,11,3,1,182,1,12,6,3,148,14,10,175,1,58,62,88,1,1,37,112,26,50,47,250,127,2,4,5,13,21,98,7,95,3,7,15,10,3,2,1,18,75,1,15,12,191,54,17,129,25,96,1,2,44,1,1,3,1,7,1
1,1,58,9,15,2,1,36,36,174,6,14,92,1,1,14,34,1,6,1,7,38,21,169,101,14,1,31,7,41,150,60,3,1,51,4,27,58,246,5,3,233,47,57,31,1,27,128,3,8,62,11,2,3,5,2,11,138,149,1,145,12,13,4,239,12,3,1,188,1,12,6,3,153,14,10,181,1,60,63,90,1,1,38,116,27,51,48,259,131,2,4,5,13,21,101,7,98,3,7,15,10,3,2,1,19,77,1,15,12,197,55,17,133,26,98,1,2,45,1,1,3,1,7,1
1,1,58,9,15,2,1,36,37,176,6,14,93,1,1,15,35,1,6,1,7,38,21,171,102,14,1,31,7,42,151,61,3,1,52,4,27,59,248,5,3,236,48,58,31,1,27,129,3,8,62,11,2,3,5,2,11,140,150,1,146,12,13,4,242,12,3,1,190,1,12,6,3,155,15,10,183,1,61,64,91,1,1,39,117,27,52,49,262,132,2,4,5,13,21,102,7,99,3,7,15,10,3,2,1,19,78,1,15,12,200,56,17,134,26,99,1,2,45,1,1,3,1,7,1
1,1,56,9,14,2,1,35,35,166,6,13,88,1,1,14,33,1,6,1,7,37,20,161,97,14,1,30,7,40,143,58,3,1,49,4,26,56,233,5,3,222,46,55,30,1,26,122,3,8,60,10,2,3,5,2,11,132,142,1,138,12,13,4,227,11,3,1,179,1,12,6,3,146,14,9,172,1,58,61,86,1,1,37,111,26,50,46,246,125,2,4,5,13,20,97,7,94,3,7,15,10,3,2,1,18,74,1,15,12,188,53,16,127,25,94,1,2,43,1,1,3,1,7,1
1,1,58,9,15,2,1,36,36,173,6,14,92,1,1,14,34,1,6,1,7,38,21,169,101,14,1,31,7,41,149,60,3,1,51,4,27,58,245,5,3,232,47,57,31,1,27,127,3,8,62,11,2,3,5,2,11,138,148,1,144,12,13,4,238,12,3,1,188,1,12,6,3,152,14,10,180,1,60,63,90,1,1,38,115,27,51,48,258,131,2,4,5,13,21,101,7,98,3,7,15,10,3,2,1,19,77,1,15,12,197,55,17,132,26,98,1,2,45,1,1,3,1,7,1
1,1,54,9,14,2,1,34,34,161,6,13,86,1,1,14,33,1,6,1,7,36,20,157,94,14,1,29,7,39,139,57,3,1,48,4,26,55,226,5,2,215,45,54,29,1,26,119,3,8,58,10,2,3,5,2,11,128,138,1,134,12,13,4,220,11,3,1,174,1,12,6,3,142,14,9,167,1,56,59,84,1,1,36,107,25,48,45,238,122,2,4,5,13,20,94,7,91,3,7,14,10,3,2,1,18,72,1,14,11,182,52,16,123,25,92,1,2,42,1,1,3,1,7,1
1,1,55,9,14,2,1,35,35,164,6,13,88,1,1,14,33,1,6,1,7,36,20,160,96,14,1,30,7,40,142,58,3,1,49,4,26,56,232,5,3,220,45,55,29,1,26,121,3,8,59,10,2,3,5,2,11,131,141,1,137,12,13,4,225,11,3,1,178,1,12,6,3,145,14,9,171,1,57,61,86,1,1,37,110,26,49,46,244,124,2,4,5,13,20,96,7,93,3,7,15,10,3,2,1,18,74,1,14,12,186,53,16,126,25,94,1,2,43,1,1,3,1,7,1
1,1,57,9,15,2,1,36,36,169,6,13,90,1,1,14,34,1,6,1,7,37,21,165,99,14,1,30,7,41,146,59,3,1,50,4,27,57,239,5,3,227,46,56,30,1,27,125,3,8,61,10,2,3,5,2,11,135,145,1,141,12,13,4,233,11,3,1,184,1,12,6,3,149,14,10,176,1,59,62,88,1,1,38,113,26,50,47,252,128,2,4,5,13,21,99,7,96,3,7,15,10,3,2,1,18,76,1,15,12,192,54,17,130,26,96,1,2,44,1,1,3,1,7,1
1,1,56,9,14,2,1,35,35,168,6,13,89,1,1,14,34,1,6,1,7,37,20,164,98,14,1,30,7,40,145,59,3,1,50,4,27,57,237,5,3,225,46,56,30,1,26,124,3,8,60,10,2,3,5,2,11,134,144,1,140,12,13,4,231,11,3,1,182,1,12,6,3,148,14,10,175,1,58,62,88,1,1,37,112,26,50,47,250,127,2,4,5,13,21,98,7,95,3,7,15,10,3,2,1,18,75,1,15,12,191,54,17,129,25,96,1,2,44,1,1,3,1,7,1
1,1,56,9,14,2,1,35,35,168,6,13,89,1,1,14,34,1,6,1,7,37,20,164,98,14,1,30,7,40,145,59,3,1,50,4,27,57,237,5,3,225,46,56,30,1,26,124,3,8,60,10,2,3,5,2,11,134,144,1,140,12,13,4,231,11,3,1,182,1,12,6,3,148,14,10,175,1,58,62,88,1,1,37,112,26,50,47,250,127,2,4,5,13,21,98,7,95,3,7,15,10,3,2,1,18,75,1,15,12,191,54,17,129,25,96,1,2,44,1,1,3,1,7,1
1,1,56,9,14,2,1,35,35,165,6,13,88,1,1,14,33,1,6,1,7,37,20,161,96,14,1,30,7,40,142,58,3,1,49,4,26,56,232,5,3,221,45,55,29,1,26,122,3,8,59,10,2,3,5,2,11,132,141,1,137,12,13,4,226,11,3,1,179,1,12,6,3,145,14,9,171,1,58,61,86,1,1,37,110,26,49,46,245,125,2,4,5,13,20,96,7,94,3,7,15,10,3,2,1,18,74,1,14,12,187,53,16,126,25,94,1,2,43,1,1,3,1,7,1
1,1,61,10,15,2,1,38,38,186,6,14,98,1,1,15,36,1,6,1,7,40,22,181,108,15,1,33,7,44,160,64,3,1,54,4,29,62,264,5,3,251,50,60,32,1,28,137,3,8,66,11,2,3,5,2,12,148,159,1,155,13,14,4,257,12,3,1,202,1,13,6,3,164,15,10,194,1,64,67,96,1,1,40,123,28,54,51,279,140,2,4,5,14,22,107,7,104,3,7,16,10,3,2,1,20,82,1,16,12,212,59,18,142,27,105,1,2,48,1,1,3,1,7,1
1,1,60,10,15,2,1,37,37,181,6,14,95,1,1,15,36,1,6,1,7,39,21,177,105,15,1,32,7,43,156,62,3,1,53,4,28,60,257,5,3,244,49,59,31,1,28,133,3,8,64,11,2,3,5,2,11,144,155,1,151,13,14,4,250,12,3,1,197,1,12,6,3,159,15,10,189,1,62,66,94,1,1,40,120,27,53,50,271,136,2,4,5,13,22,105,7,102,3,7,16,10,3,2,1,19,80,1,15,12,206,57,17,138,27,102,1,2,47,1,1,3,1,7,1
1,1,61,10,15,2,1,38,38,186,6,14,98,1,1,15,36,1,6,1,7,40,22,181,107,15,1,33,7,44,160,64,3,1,54,4,28,61,263,5,3,250,50,60,32,1,28,136,3,8,65,11,2,3,5,2,11,148,159,1,154,13,14,4,256,12,3,1,201,1,13,6,3,163,15,10,193,1,63,67,96,1,1,40,123,28,54,51,278,139,2,4,5,14,22,107,7,104,3,7,16,10,3,2,1,20,82,1,15,12,211,58,18,141,27,104,1,2,47,1,1,3,1,7,1
1,1,61,10,15,2,1,38,38,185,6,14,97,1,1,15,36,1,6,1,7,40,22,180,107,15,1,32,7,43,159,63,3,1,54,4,28,61,262,5,3,249,50,60,32,1,28,136,3,8,65,11,2,3,5,2,11,147,158,1,154,13,14,4,255,12,3,1,201,1,13,6,3,163,15,10,192,1,63,67,95,1,1,40,123,28,54,51,277,139,2,4,5,14,22,107,7,104,3,7,16,10,3,2,1,19,81,1,15,12,210,58,18,141,27,104,1,2,47,1,1,3,1,7,1
1,1,62,10,16,2,1,39,39,190,6,14,100,1,1,15,37,1,6,1,8,41,22,185,109,15,1,33,7,44,163,65,3,1,55,4,29,63,270,5,3,256,51,61,33,1,29,139,3,9,67,11,2,3,5,2,12,151,162,1,158,13,14,4,263,12,3,1,206,1,13,6,3,167,15,10,198,1,65,68,98,1,1,41,126,28,55,52,285,143,2,4,5,14,22,109,7,106,3,7,16,10,3,2,1,20,83,1,16,13,216,59,18,145,28,107,1,2,48,1,1,3,1,7,1
1,1,65,10,16,2,1,40,40,200,6,15,104,1,1,16,38,1,6,1,8,42,23,195,115,15,1,34,8,46,172,68,3,1,57,4,30,65,285,6,3,270,53,64,34,1,30,146,3,9,69,11,2,3,5,2,12,158,170,1,166,13,14,4,277,13,3,1,217,1,13,6,3,175,16,10,208,1,67,71,102,1,1,43,132,29,57,54,300,150,2,4,5,14,23,115,7,111,3,8,16,11,3,2,1,20,87,1,16,13,228,62,18,152,29,112,2,2,50,1,1,3,1,8,1
