2023-06-03 10:54:16
timeslot,id,type,commCost,runCost,InstanCost,iscold,singleCost
Topo name ,config/site-optus-melbCBD.csv
Request file ,config/sorted.csv
CommCostPara,1
MemCap,10000
NodeNum,10
Beta,1.5
SlotNum,30
ReduFactor,10
Alpha,0.001
cpuFreq,3
coldNum,servedNum,totalNum,coldfreq,avgcommcost,avginstancost,avgLatenCost,avgruncost,avgcost
1986,16566,24180,0.119884,0.225055,5.80036,6.02541,0.390916,6.4166
2023-06-03 10:54:41
timeslot,id,type,commCost,runCost,InstanCost,iscold,singleCost
Topo name ,config/site-optus-melbCBD.csv
Request file ,config/sorted.csv
CommCostPara,1
MemCap,10000
NodeNum,10
Beta,1.5
SlotNum,30
ReduFactor,10
Alpha,0.002
cpuFreq,3
coldNum,servedNum,totalNum,coldfreq,avgcommcost,avginstancost,avgLatenCost,avgruncost,avgcost
2018,16513,24180,0.122207,0.242642,5.81979,6.06243,0.778059,6.83942
2023-06-03 10:54:52
timeslot,id,type,commCost,runCost,InstanCost,iscold,singleCost
Topo name ,config/site-optus-melbCBD.csv
Request file ,config/sorted.csv
CommCostPara,1
MemCap,10000
NodeNum,10
Beta,1.5
SlotNum,30
ReduFactor,10
Alpha,0.01
cpuFreq,3
coldNum,servedNum,totalNum,coldfreq,avgcommcost,avginstancost,avgLatenCost,avgruncost,avgcost
2020,16487,24180,0.122521,0.246198,5.86623,6.11242,3.91016,10.023
2023-06-03 10:54:54
timeslot,id,type,commCost,runCost,InstanCost,iscold,singleCost
Topo name ,config/site-optus-melbCBD.csv
Request file ,config/sorted.csv
CommCostPara,1
MemCap,10000
NodeNum,10
Beta,1.5
SlotNum,30
ReduFactor,10
Alpha,0.005
cpuFreq,3
coldNum,servedNum,totalNum,coldfreq,avgcommcost,avginstancost,avgLatenCost,avgruncost,avgcost
1978,16512,24180,0.119792,0.239146,5.81473,6.05388,1.95369,8.00767
2023-06-03 10:54:55
timeslot,id,type,commCost,runCost,InstanCost,iscold,singleCost
Topo name ,config/site-optus-melbCBD.csv
Request file ,config/sorted.csv
CommCostPara,1
MemCap,10000
NodeNum,10
Beta,1.5
SlotNum,30
ReduFactor,10
Alpha,0.015
cpuFreq,3
coldNum,servedNum,totalNum,coldfreq,avgcommcost,avginstancost,avgLatenCost,avgruncost,avgcost
2029,16597,24180,0.122251,0.235587,5.8292,6.06479,5.84435,11.908
2023-06-03 15:05:03
timeslot,id,type,commCost,runCost,InstanCost,iscold,singleCost
Topo name ,config/site-optus-melbCBD.csv
Request file ,config/sorted.csv
CommCostPara,1
MemCap,10000
NodeNum,10
Beta,1.5
SlotNum,30
ReduFactor,10
Alpha,0.001
cpuFreq,3
coldNum,servedNum,totalNum,coldfreq,avgcommcost,avginstancost,avgLatenCost,avgruncost,avgcost
1990,16675,24180,0.11934,0.232304,5.79528,6.02758,0.390729,6.41857
2023-06-03 15:05:10
timeslot,id,type,commCost,runCost,InstanCost,iscold,singleCost
Topo name ,config/site-optus-melbCBD.csv
Request file ,config/sorted.csv
CommCostPara,1
MemCap,10000
NodeNum,10
Beta,1.5
SlotNum,30
ReduFactor,10
Alpha,0.002
cpuFreq,3
coldNum,servedNum,totalNum,coldfreq,avgcommcost,avginstancost,avgLatenCost,avgruncost,avgcost
2031,16635,24180,0.122092,0.224284,5.83408,6.05836,0.77847,6.83572
2023-06-03 15:05:24
timeslot,id,type,commCost,runCost,InstanCost,iscold,singleCost
Topo name ,config/site-optus-melbCBD.csv
Request file ,config/sorted.csv
CommCostPara,1
MemCap,10000
NodeNum,10
Beta,1.5
SlotNum,30
ReduFactor,10
Alpha,0.005
cpuFreq,3
coldNum,servedNum,totalNum,coldfreq,avgcommcost,avginstancost,avgLatenCost,avgruncost,avgcost
2116,16649,24180,0.127095,0.216185,5.98932,6.2055,1.94873,8.1545
2023-06-03 15:05:37
timeslot,id,type,commCost,runCost,InstanCost,iscold,singleCost
Topo name ,config/site-optus-melbCBD.csv
Request file ,config/sorted.csv
CommCostPara,1
MemCap,10000
NodeNum,10
Beta,1.5
SlotNum,30
ReduFactor,10
Alpha,0.01
cpuFreq,3
coldNum,servedNum,totalNum,coldfreq,avgcommcost,avginstancost,avgLatenCost,avgruncost,avgcost
1969,16570,24180,0.118829,0.226458,5.76946,5.99592,3.90451,9.90084
2023-06-03 15:05:52
timeslot,id,type,commCost,runCost,InstanCost,iscold,singleCost
Topo name ,config/site-optus-melbCBD.csv
Request file ,config/sorted.csv
CommCostPara,1
MemCap,10000
NodeNum,10
Beta,1.5
SlotNum,30
ReduFactor,10
Alpha,0.015
cpuFreq,3
coldNum,servedNum,totalNum,coldfreq,avgcommcost,avginstancost,avgLatenCost,avgruncost,avgcost
2011,16620,24180,0.120999,0.238146,5.79738,6.03552,5.84078,11.8751
2023-06-03 16:25:17
timeslot,id,type,commCost,runCost,InstanCost,iscold,singleCost
Topo name ,config/site-optus-melbCBD.csv
Request file ,config/sorted.csv
CommCostPara,1
MemCap,10000
NodeNum,10
Beta,1.5
SlotNum,30
ReduFactor,10
Alpha,0.001
cpuFreq,3
coldNum,servedNum,totalNum,coldfreq,avgcommcost,avginstancost,avgLatenCost,avgruncost,avgcost
1984,16610,24180,0.119446,0.227876,5.74588,5.97375,0.390614,6.36468
2023-06-03 16:25:27
timeslot,id,type,commCost,runCost,InstanCost,iscold,singleCost
Topo name ,config/site-optus-melbCBD.csv
Request file ,config/sorted.csv
CommCostPara,1
MemCap,10000
NodeNum,10
Beta,1.5
SlotNum,30
ReduFactor,10
Alpha,0.002
cpuFreq,3
coldNum,servedNum,totalNum,coldfreq,avgcommcost,avginstancost,avgLatenCost,avgruncost,avgcost
2021,16628,24180,0.121542,0.23057,5.8277,6.05827,0.781209,6.83839
2023-06-03 16:25:47
timeslot,id,type,commCost,runCost,InstanCost,iscold,singleCost
Topo name ,config/site-optus-melbCBD.csv
Request file ,config/sorted.csv
CommCostPara,1
MemCap,10000
NodeNum,10
Beta,1.5
SlotNum,30
ReduFactor,10
Alpha,0.005
cpuFreq,3
coldNum,servedNum,totalNum,coldfreq,avgcommcost,avginstancost,avgLatenCost,avgruncost,avgcost
1982,16609,24180,0.119333,0.228067,5.79048,6.01854,1.94786,7.96652
2023-06-03 16:25:51
timeslot,id,type,commCost,runCost,InstanCost,iscold,singleCost
Topo name ,config/site-optus-melbCBD.csv
Request file ,config/sorted.csv
CommCostPara,1
MemCap,10000
NodeNum,10
Beta,1.5
SlotNum,30
ReduFactor,10
Alpha,0.01
cpuFreq,3
coldNum,servedNum,totalNum,coldfreq,avgcommcost,avginstancost,avgLatenCost,avgruncost,avgcost
2018,16539,24180,0.122015,0.238454,5.86434,6.1028,3.90843,10.0117
2023-06-03 16:26:12
timeslot,id,type,commCost,runCost,InstanCost,iscold,singleCost
Topo name ,config/site-optus-melbCBD.csv
Request file ,config/sorted.csv
CommCostPara,1
MemCap,10000
NodeNum,10
Beta,1.5
SlotNum,30
ReduFactor,10
Alpha,0.015
cpuFreq,3
coldNum,servedNum,totalNum,coldfreq,avgcommcost,avginstancost,avgLatenCost,avgruncost,avgcost
1949,16557,24180,0.117715,0.22743,5.72222,5.94965,5.8467,11.7952
2023-06-03 20:06:45
timeslot,id,type,commCost,runCost,InstanCost,iscold,singleCost
Topo name ,config/site-optus-melbCBD.csv
Request file ,config/sorted.csv
CommCostPara,1
MemCap,10000
NodeNum,10
Beta,1.5
SlotNum,30
ReduFactor,10
Alpha,0.001
cpuFreq,3
coldNum,servedNum,totalNum,coldfreq,avgcommcost,avginstancost,avgLatenCost,avgruncost,avgcost
1999,16587,24180,0.120516,0.227718,5.8031,6.03081,0.390231,6.42135
2023-06-03 20:07:05
timeslot,id,type,commCost,runCost,InstanCost,iscold,singleCost
Topo name ,config/site-optus-melbCBD.csv
Request file ,config/sorted.csv
CommCostPara,1
MemCap,10000
NodeNum,10
Beta,1.5
SlotNum,30
ReduFactor,10
Alpha,0.005
cpuFreq,3
coldNum,servedNum,totalNum,coldfreq,avgcommcost,avginstancost,avgLatenCost,avgruncost,avgcost
2015,16607,24180,0.121334,0.229684,5.79239,6.02208,1.94252,7.9647
2023-06-03 20:07:23
timeslot,id,type,commCost,runCost,InstanCost,iscold,singleCost
Topo name ,config/site-optus-melbCBD.csv
Request file ,config/sorted.csv
CommCostPara,1
MemCap,10000
NodeNum,10
Beta,1.5
SlotNum,30
ReduFactor,10
Alpha,0.002
cpuFreq,3
coldNum,servedNum,totalNum,coldfreq,avgcommcost,avginstancost,avgLatenCost,avgruncost,avgcost
2026,16563,24180,0.122321,0.237291,5.89006,6.12735,0.780344,6.90663
2023-06-03 20:07:26
timeslot,id,type,commCost,runCost,InstanCost,iscold,singleCost
Topo name ,config/site-optus-melbCBD.csv
Request file ,config/sorted.csv
CommCostPara,1
MemCap,10000
NodeNum,10
Beta,1.5
SlotNum,30
ReduFactor,10
Alpha,0.015
cpuFreq,3
coldNum,servedNum,totalNum,coldfreq,avgcommcost,avginstancost,avgLatenCost,avgruncost,avgcost
1978,16452,24180,0.120229,0.235142,5.794,6.02914,5.83353,11.8615
2023-06-03 20:07:30
timeslot,id,type,commCost,runCost,InstanCost,iscold,singleCost
Topo name ,config/site-optus-melbCBD.csv
Request file ,config/sorted.csv
CommCostPara,1
MemCap,10000
NodeNum,10
Beta,1.5
SlotNum,30
ReduFactor,10
Alpha,0.01
cpuFreq,3
coldNum,servedNum,totalNum,coldfreq,avgcommcost,avginstancost,avgLatenCost,avgruncost,avgcost
2025,16568,24180,0.122224,0.240517,5.83508,6.0756,3.9069,9.98295
2023-06-03 22:14:48
timeslot,id,type,commCost,runCost,InstanCost,iscold,singleCost
Topo name ,config/site-optus-melbCBD.csv
Request file ,config/sorted.csv
CommCostPara,1
MemCap,10000
NodeNum,10
Beta,1.5
SlotNum,30
ReduFactor,10
Alpha,0.001
cpuFreq,3
coldNum,servedNum,totalNum,coldfreq,avgcommcost,avginstancost,avgLatenCost,avgruncost,avgcost
1994,16619,24180,0.119983,0.238348,5.79552,6.03387,0.389584,6.42371
2023-06-03 22:14:58
timeslot,id,type,commCost,runCost,InstanCost,iscold,singleCost
Topo name ,config/site-optus-melbCBD.csv
Request file ,config/sorted.csv
CommCostPara,1
MemCap,10000
NodeNum,10
Beta,1.5
SlotNum,30
ReduFactor,10
Alpha,0.002
cpuFreq,3
coldNum,servedNum,totalNum,coldfreq,avgcommcost,avginstancost,avgLatenCost,avgruncost,avgcost
2007,16511,24180,0.121555,0.244561,5.8198,6.06436,0.778721,6.84202
2023-06-03 22:15:02
timeslot,id,type,commCost,runCost,InstanCost,iscold,singleCost
Topo name ,config/site-optus-melbCBD.csv
Request file ,config/sorted.csv
CommCostPara,1
MemCap,10000
NodeNum,10
Beta,1.5
SlotNum,30
ReduFactor,10
Alpha,0.005
cpuFreq,3
coldNum,servedNum,totalNum,coldfreq,avgcommcost,avginstancost,avgLatenCost,avgruncost,avgcost
1999,16609,24180,0.120356,0.224761,5.78756,6.01232,1.95545,7.96789
2023-06-03 22:15:24
timeslot,id,type,commCost,runCost,InstanCost,iscold,singleCost
Topo name ,config/site-optus-melbCBD.csv
Request file ,config/sorted.csv
CommCostPara,1
MemCap,10000
NodeNum,10
Beta,1.5
SlotNum,30
ReduFactor,10
Alpha,0.01
cpuFreq,3
coldNum,servedNum,totalNum,coldfreq,avgcommcost,avginstancost,avgLatenCost,avgruncost,avgcost
1962,16549,24180,0.118557,0.236643,5.74716,5.9838,3.90873,9.89297
2023-06-03 22:15:28
timeslot,id,type,commCost,runCost,InstanCost,iscold,singleCost
Topo name ,config/site-optus-melbCBD.csv
Request file ,config/sorted.csv
CommCostPara,1
MemCap,10000
NodeNum,10
Beta,1.5
SlotNum,30
ReduFactor,10
Alpha,0.015
cpuFreq,3
coldNum,servedNum,totalNum,coldfreq,avgcommcost,avginstancost,avgLatenCost,avgruncost,avgcost
1996,16548,24180,0.120619,0.227417,5.75476,5.98217,5.83214,11.8132
2023-06-04 06:14:43
timeslot,id,type,commCost,runCost,InstanCost,iscold,singleCost
Topo name ,config/site-optus-melbCBD.csv
Request file ,config/sorted.csv
CommCostPara,1
MemCap,10000
NodeNum,10
Beta,1.5
SlotNum,30
ReduFactor,10
Alpha,0.001
cpuFreq,3
coldNum,servedNum,totalNum,coldfreq,avgcommcost,avginstancost,avgLatenCost,avgruncost,avgcost
2004,16487,24180,0.12155,0.249397,5.82664,6.07604,0.390863,6.46716
2023-06-04 06:15:00
timeslot,id,type,commCost,runCost,InstanCost,iscold,singleCost
Topo name ,config/site-optus-melbCBD.csv
Request file ,config/sorted.csv
CommCostPara,1
MemCap,10000
NodeNum,10
Beta,1.5
SlotNum,30
ReduFactor,10
Alpha,0.002
cpuFreq,3
coldNum,servedNum,totalNum,coldfreq,avgcommcost,avginstancost,avgLatenCost,avgruncost,avgcost
2002,16586,24180,0.120704,0.224201,5.83318,6.05738,0.779644,6.8359
2023-06-04 06:15:11
timeslot,id,type,commCost,runCost,InstanCost,iscold,singleCost
Topo name ,config/site-optus-melbCBD.csv
Request file ,config/sorted.csv
CommCostPara,1
MemCap,10000
NodeNum,10
Beta,1.5
SlotNum,30
ReduFactor,10
Alpha,0.005
cpuFreq,3
coldNum,servedNum,totalNum,coldfreq,avgcommcost,avginstancost,avgLatenCost,avgruncost,avgcost
2069,16691,24180,0.123959,0.220052,5.86228,6.08234,1.94757,8.03012
2023-06-04 06:15:19
timeslot,id,type,commCost,runCost,InstanCost,iscold,singleCost
Topo name ,config/site-optus-melbCBD.csv
Request file ,config/sorted.csv
CommCostPara,1
MemCap,10000
NodeNum,10
Beta,1.5
SlotNum,30
ReduFactor,10
Alpha,0.01
cpuFreq,3
coldNum,servedNum,totalNum,coldfreq,avgcommcost,avginstancost,avgLatenCost,avgruncost,avgcost
2038,16544,24180,0.123187,0.243735,5.83883,6.08256,3.89943,9.98238
2023-06-04 06:15:32
timeslot,id,type,commCost,runCost,InstanCost,iscold,singleCost
Topo name ,config/site-optus-melbCBD.csv
Request file ,config/sorted.csv
CommCostPara,1
MemCap,10000
NodeNum,10
Beta,1.5
SlotNum,30
ReduFactor,10
Alpha,0.015
cpuFreq,3
coldNum,servedNum,totalNum,coldfreq,avgcommcost,avginstancost,avgLatenCost,avgruncost,avgcost
1985,16591,24180,0.119643,0.23109,5.76708,5.99817,5.83276,11.8297
2023-06-04 10:34:38
timeslot,id,type,commCost,runCost,InstanCost,iscold,singleCost
Topo name ,config/site-optus-melbCBD.csv
Request file ,config/sorted.csv
CommCostPara,1
MemCap,10000
NodeNum,10
Beta,1.5
SlotNum,30
ReduFactor,10
Alpha,0.001
cpuFreq,3
coldNum,servedNum,totalNum,coldfreq,avgcommcost,avginstancost,avgLatenCost,avgruncost,avgcost
1978,16580,24180,0.1193,0.226882,5.76721,5.99409,0.389415,6.38381
2023-06-04 10:35:00
timeslot,id,type,commCost,runCost,InstanCost,iscold,singleCost
Topo name ,config/site-optus-melbCBD.csv
Request file ,config/sorted.csv
CommCostPara,1
MemCap,10000
NodeNum,10
Beta,1.5
SlotNum,30
ReduFactor,10
Alpha,0.002
cpuFreq,3
coldNum,servedNum,totalNum,coldfreq,avgcommcost,avginstancost,avgLatenCost,avgruncost,avgcost
1966,16581,24180,0.118569,0.2267,5.73908,5.96578,0.778255,6.7429
2023-06-04 10:35:02
timeslot,id,type,commCost,runCost,InstanCost,iscold,singleCost
Topo name ,config/site-optus-melbCBD.csv
Request file ,config/sorted.csv
CommCostPara,1
MemCap,10000
NodeNum,10
Beta,1.5
SlotNum,30
ReduFactor,10
Alpha,0.01
cpuFreq,3
coldNum,servedNum,totalNum,coldfreq,avgcommcost,avginstancost,avgLatenCost,avgruncost,avgcost
1965,16609,24180,0.118309,0.226313,5.74622,5.97253,3.89798,9.8709
2023-06-04 10:35:07
timeslot,id,type,commCost,runCost,InstanCost,iscold,singleCost
Topo name ,config/site-optus-melbCBD.csv
Request file ,config/sorted.csv
CommCostPara,1
MemCap,10000
NodeNum,10
Beta,1.5
SlotNum,30
ReduFactor,10
Alpha,0.005
cpuFreq,3
coldNum,servedNum,totalNum,coldfreq,avgcommcost,avginstancost,avgLatenCost,avgruncost,avgcost
2020,16458,24180,0.122737,0.242042,5.90428,6.14632,1.95482,8.1013
2023-06-04 10:35:16
timeslot,id,type,commCost,runCost,InstanCost,iscold,singleCost
Topo name ,config/site-optus-melbCBD.csv
Request file ,config/sorted.csv
CommCostPara,1
MemCap,10000
NodeNum,10
Beta,1.5
SlotNum,30
ReduFactor,10
Alpha,0.015
cpuFreq,3
coldNum,servedNum,totalNum,coldfreq,avgcommcost,avginstancost,avgLatenCost,avgruncost,avgcost
2012,16684,24180,0.120595,0.225986,5.78981,6.01579,5.83206,11.8466
2023-06-05 08:48:47
timeslot,id,type,commCost,runCost,InstanCost,iscold,singleCost
Topo name ,config/site-optus-melbCBD.csv
Request file ,config/sorted.csv
CommCostPara,1
MemCap,10000
NodeNum,10
Beta,1.5
SlotNum,30
ReduFactor,10
Alpha,0.001
cpuFreq,3
coldNum,servedNum,totalNum,coldfreq,avgcommcost,avginstancost,avgLatenCost,avgruncost,avgcost
2063,16709,24180,0.123466,0.215652,5.89672,6.11237,0.388132,6.50078
2023-06-05 08:48:56
timeslot,id,type,commCost,runCost,InstanCost,iscold,singleCost
Topo name ,config/site-optus-melbCBD.csv
Request file ,config/sorted.csv
CommCostPara,1
MemCap,10000
NodeNum,10
Beta,1.5
SlotNum,30
ReduFactor,10
Alpha,0.002
cpuFreq,3
coldNum,servedNum,totalNum,coldfreq,avgcommcost,avginstancost,avgLatenCost,avgruncost,avgcost
2000,16532,24180,0.120977,0.233354,5.83872,6.07207,0.783367,6.85433
2023-06-05 08:49:21
timeslot,id,type,commCost,runCost,InstanCost,iscold,singleCost
Topo name ,config/site-optus-melbCBD.csv
Request file ,config/sorted.csv
CommCostPara,1
MemCap,10000
NodeNum,10
Beta,1.5
SlotNum,30
ReduFactor,10
Alpha,0.005
cpuFreq,3
coldNum,servedNum,totalNum,coldfreq,avgcommcost,avginstancost,avgLatenCost,avgruncost,avgcost
2002,16581,24180,0.120741,0.237626,5.80117,6.03879,1.95033,7.98926
2023-06-05 08:49:23
timeslot,id,type,commCost,runCost,InstanCost,iscold,singleCost
Topo name ,config/site-optus-melbCBD.csv
Request file ,config/sorted.csv
CommCostPara,1
MemCap,10000
NodeNum,10
Beta,1.5
SlotNum,30
ReduFactor,10
Alpha,0.01
cpuFreq,3
coldNum,servedNum,totalNum,coldfreq,avgcommcost,avginstancost,avgLatenCost,avgruncost,avgcost
2018,16615,24180,0.121457,0.229745,5.81468,6.04442,3.88815,9.93301
2023-06-05 08:49:27
timeslot,id,type,commCost,runCost,InstanCost,iscold,singleCost
Topo name ,config/site-optus-melbCBD.csv
Request file ,config/sorted.csv
CommCostPara,1
MemCap,10000
NodeNum,10
Beta,1.5
SlotNum,30
ReduFactor,10
Alpha,0.015
cpuFreq,3
coldNum,servedNum,totalNum,coldfreq,avgcommcost,avginstancost,avgLatenCost,avgruncost,avgcost
2113,16580,24180,0.127443,0.225244,5.98032,6.20556,5.84206,12.0464
2023-06-05 11:43:38
timeslot,id,type,commCost,runCost,InstanCost,iscold,singleCost
Topo name ,config/site-optus-melbCBD.csv
Request file ,config/sorted.csv
CommCostPara,1
MemCap,10000
NodeNum,10
Beta,1.5
SlotNum,30
ReduFactor,10
Alpha,0.001
cpuFreq,3
coldNum,servedNum,totalNum,coldfreq,avgcommcost,avginstancost,avgLatenCost,avgruncost,avgcost
2169,16703,24180,0.129857,0.210588,6.07117,6.28176,0.389785,6.67186
2023-06-05 11:43:49
timeslot,id,type,commCost,runCost,InstanCost,iscold,singleCost
Topo name ,config/site-optus-melbCBD.csv
Request file ,config/sorted.csv
CommCostPara,1
MemCap,10000
NodeNum,10
Beta,1.5
SlotNum,30
ReduFactor,10
Alpha,0.002
cpuFreq,3
coldNum,servedNum,totalNum,coldfreq,avgcommcost,avginstancost,avgLatenCost,avgruncost,avgcost
2034,16625,24180,0.122346,0.225223,5.87702,6.10225,0.781895,6.88303
2023-06-05 11:44:02
timeslot,id,type,commCost,runCost,InstanCost,iscold,singleCost
Topo name ,config/site-optus-melbCBD.csv
Request file ,config/sorted.csv
CommCostPara,1
MemCap,10000
NodeNum,10
Beta,1.5
SlotNum,30
ReduFactor,10
Alpha,0.005
cpuFreq,3
coldNum,servedNum,totalNum,coldfreq,avgcommcost,avginstancost,avgLatenCost,avgruncost,avgcost
2045,16566,24180,0.123446,0.225201,5.89433,6.11953,1.9474,8.06715
2023-06-05 11:44:14
timeslot,id,type,commCost,runCost,InstanCost,iscold,singleCost
Topo name ,config/site-optus-melbCBD.csv
Request file ,config/sorted.csv
CommCostPara,1
MemCap,10000
NodeNum,10
Beta,1.5
SlotNum,30
ReduFactor,10
Alpha,0.01
cpuFreq,3
coldNum,servedNum,totalNum,coldfreq,avgcommcost,avginstancost,avgLatenCost,avgruncost,avgcost
2022,16555,24180,0.122138,0.229961,5.84209,6.07205,3.89991,9.97236
2023-06-05 11:44:31
timeslot,id,type,commCost,runCost,InstanCost,iscold,singleCost
Topo name ,config/site-optus-melbCBD.csv
Request file ,config/sorted.csv
CommCostPara,1
MemCap,10000
NodeNum,10
Beta,1.5
SlotNum,30
ReduFactor,10
Alpha,0.015
cpuFreq,3
coldNum,servedNum,totalNum,coldfreq,avgcommcost,avginstancost,avgLatenCost,avgruncost,avgcost
1993,16602,24180,0.120046,0.225789,5.74007,5.96585,5.83,11.7946
2023-06-05 12:54:04
timeslot,id,type,commCost,runCost,InstanCost,iscold,singleCost
Topo name ,config/site-optus-melbCBD.csv
Request file ,config/sorted.csv
CommCostPara,1
MemCap,10000
NodeNum,10
Beta,1.5
SlotNum,30
ReduFactor,10
Alpha,0.001
cpuFreq,3
coldNum,servedNum,totalNum,coldfreq,avgcommcost,avginstancost,avgLatenCost,avgruncost,avgcost
1985,16612,24180,0.119492,0.229372,5.75529,5.98467,0.388686,6.37367
2023-06-05 12:54:14
timeslot,id,type,commCost,runCost,InstanCost,iscold,singleCost
Topo name ,config/site-optus-melbCBD.csv
Request file ,config/sorted.csv
CommCostPara,1
MemCap,10000
NodeNum,10
Beta,1.5
SlotNum,30
ReduFactor,10
Alpha,0.002
cpuFreq,3
coldNum,servedNum,totalNum,coldfreq,avgcommcost,avginstancost,avgLatenCost,avgruncost,avgcost
2148,16689,24180,0.128708,0.215494,6.03215,6.24764,0.783635,7.03017
2023-06-05 12:54:34
timeslot,id,type,commCost,runCost,InstanCost,iscold,singleCost
Topo name ,config/site-optus-melbCBD.csv
Request file ,config/sorted.csv
CommCostPara,1
MemCap,10000
NodeNum,10
Beta,1.5
SlotNum,30
ReduFactor,10
Alpha,0.005
cpuFreq,3
coldNum,servedNum,totalNum,coldfreq,avgcommcost,avginstancost,avgLatenCost,avgruncost,avgcost
2020,16516,24180,0.122306,0.236589,5.87565,6.11223,1.95658,8.069
2023-06-05 12:54:46
timeslot,id,type,commCost,runCost,InstanCost,iscold,singleCost
Topo name ,config/site-optus-melbCBD.csv
Request file ,config/sorted.csv
CommCostPara,1
MemCap,10000
NodeNum,10
Beta,1.5
SlotNum,30
ReduFactor,10
Alpha,0.01
cpuFreq,3
coldNum,servedNum,totalNum,coldfreq,avgcommcost,avginstancost,avgLatenCost,avgruncost,avgcost
2040,16490,24180,0.123711,0.239372,5.89207,6.13144,3.9004,10.0322
2023-06-05 12:54:50
timeslot,id,type,commCost,runCost,InstanCost,iscold,singleCost
Topo name ,config/site-optus-melbCBD.csv
Request file ,config/sorted.csv
CommCostPara,1
MemCap,10000
NodeNum,10
Beta,1.5
SlotNum,30
ReduFactor,10
Alpha,0.015
cpuFreq,3
coldNum,servedNum,totalNum,coldfreq,avgcommcost,avginstancost,avgLatenCost,avgruncost,avgcost
2018,16603,24180,0.121544,0.230991,5.80899,6.03998,5.82988,11.8686
