2023-06-03 11:36:15
timeslot,id,type,commCost,runCost,InstanCost,iscold,singleCost
Topo name ,config/site-optus-melbCBD.csv
Request file ,config/sorted.csv
CommCostPara,1
MemCap,10000
NodeNum,10
Beta,0.5
SlotNum,30
ReduFactor,10
Alpha,0.005
cpuFreq,3
coldNum,servedNum,totalNum,coldfreq,avgcommcost,avginstancost,avgLatenCost,avgruncost,avgcost
13760,68074,272346,0.202133,0.0706692,8.14126,8.21193,1.26452,9.4685
2023-06-03 11:36:57
timeslot,id,type,commCost,runCost,InstanCost,iscold,singleCost
Topo name ,config/site-optus-melbCBD.csv
Request file ,config/sorted.csv
CommCostPara,1
MemCap,10000
NodeNum,10
Beta,0.5
SlotNum,30
ReduFactor,10
Alpha,0.015
cpuFreq,3
coldNum,servedNum,totalNum,coldfreq,avgcommcost,avginstancost,avgLatenCost,avgruncost,avgcost
13992,50334,272346,0.277983,0.112882,10.8874,11.0003,4.14749,15.1609
2023-06-03 11:38:09
timeslot,id,type,commCost,runCost,InstanCost,iscold,singleCost
Topo name ,config/site-optus-melbCBD.csv
Request file ,config/sorted.csv
CommCostPara,1
MemCap,10000
NodeNum,10
Beta,0.5
SlotNum,30
ReduFactor,10
Alpha,0.001
cpuFreq,3
coldNum,servedNum,totalNum,coldfreq,avgcommcost,avginstancost,avgLatenCost,avgruncost,avgcost
13651,64251,272346,0.212464,0.0789191,8.55535,8.63427,0.257768,8.90041
2023-06-03 11:38:25
timeslot,id,type,commCost,runCost,InstanCost,iscold,singleCost
Topo name ,config/site-optus-melbCBD.csv
Request file ,config/sorted.csv
CommCostPara,1
MemCap,10000
NodeNum,10
Beta,0.5
SlotNum,30
ReduFactor,10
Alpha,0.002
cpuFreq,3
coldNum,servedNum,totalNum,coldfreq,avgcommcost,avginstancost,avgLatenCost,avgruncost,avgcost
13933,58255,272346,0.239173,0.0923364,9.49399,9.58633,0.533235,10.1157
2023-06-03 11:38:44
timeslot,id,type,commCost,runCost,InstanCost,iscold,singleCost
Topo name ,config/site-optus-melbCBD.csv
Request file ,config/sorted.csv
CommCostPara,1
MemCap,10000
NodeNum,10
Beta,0.5
SlotNum,30
ReduFactor,10
Alpha,0.01
cpuFreq,3
coldNum,servedNum,totalNum,coldfreq,avgcommcost,avginstancost,avgLatenCost,avgruncost,avgcost
13837,64664,272346,0.213983,0.0794081,8.59173,8.67114,2.58846,11.249
2023-06-03 15:47:58
timeslot,id,type,commCost,runCost,InstanCost,iscold,singleCost
Topo name ,config/site-optus-melbCBD.csv
Request file ,config/sorted.csv
CommCostPara,1
MemCap,10000
NodeNum,10
Beta,0.5
SlotNum,30
ReduFactor,10
Alpha,0.001
cpuFreq,3
coldNum,servedNum,totalNum,coldfreq,avgcommcost,avginstancost,avgLatenCost,avgruncost,avgcost
13854,64663,272346,0.214249,0.0802383,8.56659,8.64682,0.258508,8.9138
2023-06-03 15:48:25
timeslot,id,type,commCost,runCost,InstanCost,iscold,singleCost
Topo name ,config/site-optus-melbCBD.csv
Request file ,config/sorted.csv
CommCostPara,1
MemCap,10000
NodeNum,10
Beta,0.5
SlotNum,30
ReduFactor,10
Alpha,0.002
cpuFreq,3
coldNum,servedNum,totalNum,coldfreq,avgcommcost,avginstancost,avgLatenCost,avgruncost,avgcost
13858,59550,272346,0.232712,0.0908157,9.25774,9.34855,0.529927,9.87258
2023-06-03 15:48:49
timeslot,id,type,commCost,runCost,InstanCost,iscold,singleCost
Topo name ,config/site-optus-melbCBD.csv
Request file ,config/sorted.csv
CommCostPara,1
MemCap,10000
NodeNum,10
Beta,0.5
SlotNum,30
ReduFactor,10
Alpha,0.015
cpuFreq,3
coldNum,servedNum,totalNum,coldfreq,avgcommcost,avginstancost,avgLatenCost,avgruncost,avgcost
13548,71917,272346,0.188384,0.0648836,7.69587,7.76075,3.70443,11.4827
2023-06-03 15:49:04
timeslot,id,type,commCost,runCost,InstanCost,iscold,singleCost
Topo name ,config/site-optus-melbCBD.csv
Request file ,config/sorted.csv
CommCostPara,1
MemCap,10000
NodeNum,10
Beta,0.5
SlotNum,30
ReduFactor,10
Alpha,0.005
cpuFreq,3
coldNum,servedNum,totalNum,coldfreq,avgcommcost,avginstancost,avgLatenCost,avgruncost,avgcost
13722,51416,272346,0.266882,0.11471,10.5375,10.6523,1.39941,12.0464
2023-06-03 15:49:17
timeslot,id,type,commCost,runCost,InstanCost,iscold,singleCost
Topo name ,config/site-optus-melbCBD.csv
Request file ,config/sorted.csv
CommCostPara,1
MemCap,10000
NodeNum,10
Beta,0.5
SlotNum,30
ReduFactor,10
Alpha,0.01
cpuFreq,3
coldNum,servedNum,totalNum,coldfreq,avgcommcost,avginstancost,avgLatenCost,avgruncost,avgcost
13915,56549,272346,0.24607,0.0994752,9.69217,9.79165,2.68179,12.4657
2023-06-03 17:09:15
timeslot,id,type,commCost,runCost,InstanCost,iscold,singleCost
Topo name ,config/site-optus-melbCBD.csv
Request file ,config/sorted.csv
CommCostPara,1
MemCap,10000
NodeNum,10
Beta,0.5
SlotNum,30
ReduFactor,10
Alpha,0.002
cpuFreq,3
coldNum,servedNum,totalNum,coldfreq,avgcommcost,avginstancost,avgLatenCost,avgruncost,avgcost
13594,53743,272346,0.252945,0.115503,10.0464,10.1619,0.551281,10.7079
2023-06-03 17:09:17
timeslot,id,type,commCost,runCost,InstanCost,iscold,singleCost
Topo name ,config/site-optus-melbCBD.csv
Request file ,config/sorted.csv
CommCostPara,1
MemCap,10000
NodeNum,10
Beta,0.5
SlotNum,30
ReduFactor,10
Alpha,0.005
cpuFreq,3
coldNum,servedNum,totalNum,coldfreq,avgcommcost,avginstancost,avgLatenCost,avgruncost,avgcost
13594,53743,272346,0.252945,0.115503,10.0464,10.1619,1.37813,11.534
2023-06-03 17:09:49
timeslot,id,type,commCost,runCost,InstanCost,iscold,singleCost
Topo name ,config/site-optus-melbCBD.csv
Request file ,config/sorted.csv
CommCostPara,1
MemCap,10000
NodeNum,10
Beta,0.5
SlotNum,30
ReduFactor,10
Alpha,0.015
cpuFreq,3
coldNum,servedNum,totalNum,coldfreq,avgcommcost,avginstancost,avgLatenCost,avgruncost,avgcost
13391,62555,272346,0.214068,0.0821834,8.70291,8.78509,3.91893,12.7203
2023-06-03 17:09:51
timeslot,id,type,commCost,runCost,InstanCost,iscold,singleCost
Topo name ,config/site-optus-melbCBD.csv
Request file ,config/sorted.csv
CommCostPara,1
MemCap,10000
NodeNum,10
Beta,0.5
SlotNum,30
ReduFactor,10
Alpha,0.001
cpuFreq,3
coldNum,servedNum,totalNum,coldfreq,avgcommcost,avginstancost,avgLatenCost,avgruncost,avgcost
13784,55527,272346,0.24824,0.105779,9.87788,9.98366,0.271435,10.2635
2023-06-03 17:10:01
timeslot,id,type,commCost,runCost,InstanCost,iscold,singleCost
Topo name ,config/site-optus-melbCBD.csv
Request file ,config/sorted.csv
CommCostPara,1
MemCap,10000
NodeNum,10
Beta,0.5
SlotNum,30
ReduFactor,10
Alpha,0.01
cpuFreq,3
coldNum,servedNum,totalNum,coldfreq,avgcommcost,avginstancost,avgLatenCost,avgruncost,avgcost
13651,62813,272346,0.217328,0.0873444,8.73756,8.82491,2.6154,11.4302
2023-06-03 20:49:47
timeslot,id,type,commCost,runCost,InstanCost,iscold,singleCost
Topo name ,config/site-optus-melbCBD.csv
Request file ,config/sorted.csv
CommCostPara,1
MemCap,10000
NodeNum,10
Beta,0.5
SlotNum,30
ReduFactor,10
Alpha,0.005
cpuFreq,3
coldNum,servedNum,totalNum,coldfreq,avgcommcost,avginstancost,avgLatenCost,avgruncost,avgcost
13764,64895,272346,0.212096,0.0802873,8.52204,8.60232,1.29387,9.88866
2023-06-03 20:49:52
timeslot,id,type,commCost,runCost,InstanCost,iscold,singleCost
Topo name ,config/site-optus-melbCBD.csv
Request file ,config/sorted.csv
CommCostPara,1
MemCap,10000
NodeNum,10
Beta,0.5
SlotNum,30
ReduFactor,10
Alpha,0.002
cpuFreq,3
coldNum,servedNum,totalNum,coldfreq,avgcommcost,avginstancost,avgLatenCost,avgruncost,avgcost
13449,66775,272346,0.201408,0.0705413,8.20428,8.27483,0.509838,8.77898
2023-06-03 20:49:53
timeslot,id,type,commCost,runCost,InstanCost,iscold,singleCost
Topo name ,config/site-optus-melbCBD.csv
Request file ,config/sorted.csv
CommCostPara,1
MemCap,10000
NodeNum,10
Beta,0.5
SlotNum,30
ReduFactor,10
Alpha,0.01
cpuFreq,3
coldNum,servedNum,totalNum,coldfreq,avgcommcost,avginstancost,avgLatenCost,avgruncost,avgcost
13615,60668,272346,0.224418,0.0900995,9.0361,9.1262,2.65499,11.7717
2023-06-03 20:49:57
timeslot,id,type,commCost,runCost,InstanCost,iscold,singleCost
Topo name ,config/site-optus-melbCBD.csv
Request file ,config/sorted.csv
CommCostPara,1
MemCap,10000
NodeNum,10
Beta,0.5
SlotNum,30
ReduFactor,10
Alpha,0.015
cpuFreq,3
coldNum,servedNum,totalNum,coldfreq,avgcommcost,avginstancost,avgLatenCost,avgruncost,avgcost
13791,53102,272346,0.259708,0.117217,10.2917,10.4089,4.17347,14.5957
2023-06-03 20:50:52
timeslot,id,type,commCost,runCost,InstanCost,iscold,singleCost
Topo name ,config/site-optus-melbCBD.csv
Request file ,config/sorted.csv
CommCostPara,1
MemCap,10000
NodeNum,10
Beta,0.5
SlotNum,30
ReduFactor,10
Alpha,0.001
cpuFreq,3
coldNum,servedNum,totalNum,coldfreq,avgcommcost,avginstancost,avgLatenCost,avgruncost,avgcost
13645,64998,272346,0.20993,0.0765818,8.46167,8.53825,0.257943,8.80383
2023-06-03 22:56:42
timeslot,id,type,commCost,runCost,InstanCost,iscold,singleCost
Topo name ,config/site-optus-melbCBD.csv
Request file ,config/sorted.csv
CommCostPara,1
MemCap,10000
NodeNum,10
Beta,0.5
SlotNum,30
ReduFactor,10
Alpha,0.015
cpuFreq,3
coldNum,servedNum,totalNum,coldfreq,avgcommcost,avginstancost,avgLatenCost,avgruncost,avgcost
13659,60034,272346,0.227521,0.0824465,9.12882,9.21127,3.89255,13.1197
2023-06-03 22:57:22
timeslot,id,type,commCost,runCost,InstanCost,iscold,singleCost
Topo name ,config/site-optus-melbCBD.csv
Request file ,config/sorted.csv
CommCostPara,1
MemCap,10000
NodeNum,10
Beta,0.5
SlotNum,30
ReduFactor,10
Alpha,0.01
cpuFreq,3
coldNum,servedNum,totalNum,coldfreq,avgcommcost,avginstancost,avgLatenCost,avgruncost,avgcost
13877,50940,272346,0.272419,0.115179,10.6874,10.8025,2.75246,13.5473
2023-06-03 22:58:03
timeslot,id,type,commCost,runCost,InstanCost,iscold,singleCost
Topo name ,config/site-optus-melbCBD.csv
Request file ,config/sorted.csv
CommCostPara,1
MemCap,10000
NodeNum,10
Beta,0.5
SlotNum,30
ReduFactor,10
Alpha,0.005
cpuFreq,3
coldNum,servedNum,totalNum,coldfreq,avgcommcost,avginstancost,avgLatenCost,avgruncost,avgcost
13666,59825,272346,0.228433,0.0895482,9.18163,9.27118,1.32921,10.5934
2023-06-03 22:58:34
timeslot,id,type,commCost,runCost,InstanCost,iscold,singleCost
Topo name ,config/site-optus-melbCBD.csv
Request file ,config/sorted.csv
CommCostPara,1
MemCap,10000
NodeNum,10
Beta,0.5
SlotNum,30
ReduFactor,10
Alpha,0.002
cpuFreq,3
coldNum,servedNum,totalNum,coldfreq,avgcommcost,avginstancost,avgLatenCost,avgruncost,avgcost
13755,64652,272346,0.212754,0.0782471,8.55002,8.62827,0.515941,9.13883
2023-06-03 22:58:44
timeslot,id,type,commCost,runCost,InstanCost,iscold,singleCost
Topo name ,config/site-optus-melbCBD.csv
Request file ,config/sorted.csv
CommCostPara,1
MemCap,10000
NodeNum,10
Beta,0.5
SlotNum,30
ReduFactor,10
Alpha,0.001
cpuFreq,3
coldNum,servedNum,totalNum,coldfreq,avgcommcost,avginstancost,avgLatenCost,avgruncost,avgcost
13814,57267,272346,0.241221,0.0998535,9.5862,9.68606,0.268715,9.96325
2023-06-04 06:56:13
timeslot,id,type,commCost,runCost,InstanCost,iscold,singleCost
Topo name ,config/site-optus-melbCBD.csv
Request file ,config/sorted.csv
CommCostPara,1
MemCap,10000
NodeNum,10
Beta,0.5
SlotNum,30
ReduFactor,10
Alpha,0.001
cpuFreq,3
coldNum,servedNum,totalNum,coldfreq,avgcommcost,avginstancost,avgLatenCost,avgruncost,avgcost
13543,57649,272346,0.234922,0.0976829,9.41094,9.50863,0.269013,9.78436
2023-06-04 06:56:45
timeslot,id,type,commCost,runCost,InstanCost,iscold,singleCost
Topo name ,config/site-optus-melbCBD.csv
Request file ,config/sorted.csv
CommCostPara,1
MemCap,10000
NodeNum,10
Beta,0.5
SlotNum,30
ReduFactor,10
Alpha,0.015
cpuFreq,3
coldNum,servedNum,totalNum,coldfreq,avgcommcost,avginstancost,avgLatenCost,avgruncost,avgcost
13732,62920,272346,0.218245,0.0816804,8.76302,8.8447,3.895,12.7553
2023-06-04 06:58:41
timeslot,id,type,commCost,runCost,InstanCost,iscold,singleCost
Topo name ,config/site-optus-melbCBD.csv
Request file ,config/sorted.csv
CommCostPara,1
MemCap,10000
NodeNum,10
Beta,0.5
SlotNum,30
ReduFactor,10
Alpha,0.01
cpuFreq,3
coldNum,servedNum,totalNum,coldfreq,avgcommcost,avginstancost,avgLatenCost,avgruncost,avgcost
13666,66838,272346,0.204465,0.0725118,8.28839,8.3609,2.56786,10.9174
2023-06-04 06:58:47
timeslot,id,type,commCost,runCost,InstanCost,iscold,singleCost
Topo name ,config/site-optus-melbCBD.csv
Request file ,config/sorted.csv
CommCostPara,1
MemCap,10000
NodeNum,10
Beta,0.5
SlotNum,30
ReduFactor,10
Alpha,0.002
cpuFreq,3
coldNum,servedNum,totalNum,coldfreq,avgcommcost,avginstancost,avgLatenCost,avgruncost,avgcost
13871,68287,272346,0.203128,0.0671607,8.18588,8.25304,0.50503,8.75269
2023-06-04 06:58:51
timeslot,id,type,commCost,runCost,InstanCost,iscold,singleCost
Topo name ,config/site-optus-melbCBD.csv
Request file ,config/sorted.csv
CommCostPara,1
MemCap,10000
NodeNum,10
Beta,0.5
SlotNum,30
ReduFactor,10
Alpha,0.005
cpuFreq,3
coldNum,servedNum,totalNum,coldfreq,avgcommcost,avginstancost,avgLatenCost,avgruncost,avgcost
13764,67081,272346,0.205185,0.0725811,8.2832,8.35578,1.27841,9.62642
2023-06-04 11:17:08
timeslot,id,type,commCost,runCost,InstanCost,iscold,singleCost
Topo name ,config/site-optus-melbCBD.csv
Request file ,config/sorted.csv
CommCostPara,1
MemCap,10000
NodeNum,10
Beta,0.5
SlotNum,30
ReduFactor,10
Alpha,0.01
cpuFreq,3
coldNum,servedNum,totalNum,coldfreq,avgcommcost,avginstancost,avgLatenCost,avgruncost,avgcost
13615,66052,272346,0.206125,0.0725004,8.35398,8.42649,2.55259,10.9679
2023-06-04 11:17:26
timeslot,id,type,commCost,runCost,InstanCost,iscold,singleCost
Topo name ,config/site-optus-melbCBD.csv
Request file ,config/sorted.csv
CommCostPara,1
MemCap,10000
NodeNum,10
Beta,0.5
SlotNum,30
ReduFactor,10
Alpha,0.015
cpuFreq,3
coldNum,servedNum,totalNum,coldfreq,avgcommcost,avginstancost,avgLatenCost,avgruncost,avgcost
13600,63501,272346,0.21417,0.0798457,8.67922,8.75907,3.861,12.6353
2023-06-04 11:18:23
timeslot,id,type,commCost,runCost,InstanCost,iscold,singleCost
Topo name ,config/site-optus-melbCBD.csv
Request file ,config/sorted.csv
CommCostPara,1
MemCap,10000
NodeNum,10
Beta,0.5
SlotNum,30
ReduFactor,10
Alpha,0.001
cpuFreq,3
coldNum,servedNum,totalNum,coldfreq,avgcommcost,avginstancost,avgLatenCost,avgruncost,avgcost
13785,61646,272346,0.223615,0.0807782,8.96611,9.04688,0.260114,9.31481
2023-06-04 11:21:14
timeslot,id,type,commCost,runCost,InstanCost,iscold,singleCost
Topo name ,config/site-optus-melbCBD.csv
Request file ,config/sorted.csv
CommCostPara,1
MemCap,10000
NodeNum,10
Beta,0.5
SlotNum,30
ReduFactor,10
Alpha,0.002
cpuFreq,3
coldNum,servedNum,totalNum,coldfreq,avgcommcost,avginstancost,avgLatenCost,avgruncost,avgcost
13482,66268,272346,0.203447,0.0784458,8.23455,8.313,0.511151,8.8187
2023-06-04 11:21:40
timeslot,id,type,commCost,runCost,InstanCost,iscold,singleCost
Topo name ,config/site-optus-melbCBD.csv
Request file ,config/sorted.csv
CommCostPara,1
MemCap,10000
NodeNum,10
Beta,0.5
SlotNum,30
ReduFactor,10
Alpha,0.005
cpuFreq,3
coldNum,servedNum,totalNum,coldfreq,avgcommcost,avginstancost,avgLatenCost,avgruncost,avgcost
13759,65701,272346,0.209418,0.0749705,8.42468,8.49965,1.28271,9.77474
2023-06-05 09:30:44
timeslot,id,type,commCost,runCost,InstanCost,iscold,singleCost
Topo name ,config/site-optus-melbCBD.csv
Request file ,config/sorted.csv
CommCostPara,1
MemCap,10000
NodeNum,10
Beta,0.5
SlotNum,30
ReduFactor,10
Alpha,0.002
cpuFreq,3
coldNum,servedNum,totalNum,coldfreq,avgcommcost,avginstancost,avgLatenCost,avgruncost,avgcost
13729,58705,272346,0.233864,0.0906386,9.33882,9.42946,0.531306,9.9573
2023-06-05 09:30:53
timeslot,id,type,commCost,runCost,InstanCost,iscold,singleCost
Topo name ,config/site-optus-melbCBD.csv
Request file ,config/sorted.csv
CommCostPara,1
MemCap,10000
NodeNum,10
Beta,0.5
SlotNum,30
ReduFactor,10
Alpha,0.01
cpuFreq,3
coldNum,servedNum,totalNum,coldfreq,avgcommcost,avginstancost,avgLatenCost,avgruncost,avgcost
13512,65596,272346,0.205988,0.0762421,8.34211,8.41835,2.56798,10.9757
2023-06-05 09:32:23
timeslot,id,type,commCost,runCost,InstanCost,iscold,singleCost
Topo name ,config/site-optus-melbCBD.csv
Request file ,config/sorted.csv
CommCostPara,1
MemCap,10000
NodeNum,10
Beta,0.5
SlotNum,30
ReduFactor,10
Alpha,0.001
cpuFreq,3
coldNum,servedNum,totalNum,coldfreq,avgcommcost,avginstancost,avgLatenCost,avgruncost,avgcost
13564,64391,272346,0.210651,0.078844,8.51713,8.59597,0.258352,8.86155
2023-06-05 09:32:46
timeslot,id,type,commCost,runCost,InstanCost,iscold,singleCost
Topo name ,config/site-optus-melbCBD.csv
Request file ,config/sorted.csv
CommCostPara,1
MemCap,10000
NodeNum,10
Beta,0.5
SlotNum,30
ReduFactor,10
Alpha,0.005
cpuFreq,3
coldNum,servedNum,totalNum,coldfreq,avgcommcost,avginstancost,avgLatenCost,avgruncost,avgcost
13855,62897,272346,0.220281,0.0840926,8.80559,8.88968,1.30514,10.1874
2023-06-05 09:33:25
timeslot,id,type,commCost,runCost,InstanCost,iscold,singleCost
Topo name ,config/site-optus-melbCBD.csv
Request file ,config/sorted.csv
CommCostPara,1
MemCap,10000
NodeNum,10
Beta,0.5
SlotNum,30
ReduFactor,10
Alpha,0.015
cpuFreq,3
coldNum,servedNum,totalNum,coldfreq,avgcommcost,avginstancost,avgLatenCost,avgruncost,avgcost
13795,59325,272346,0.232533,0.0879891,9.30442,9.39241,3.97661,13.3841
2023-06-05 12:27:23
timeslot,id,type,commCost,runCost,InstanCost,iscold,singleCost
Topo name ,config/site-optus-melbCBD.csv
Request file ,config/sorted.csv
CommCostPara,1
MemCap,10000
NodeNum,10
Beta,0.5
SlotNum,30
ReduFactor,10
Alpha,0.002
cpuFreq,3
coldNum,servedNum,totalNum,coldfreq,avgcommcost,avginstancost,avgLatenCost,avgruncost,avgcost
13478,62878,272346,0.214352,0.0839519,8.6871,8.77105,0.523767,9.28989
2023-06-05 12:27:44
timeslot,id,type,commCost,runCost,InstanCost,iscold,singleCost
Topo name ,config/site-optus-melbCBD.csv
Request file ,config/sorted.csv
CommCostPara,1
MemCap,10000
NodeNum,10
Beta,0.5
SlotNum,30
ReduFactor,10
Alpha,0.001
cpuFreq,3
coldNum,servedNum,totalNum,coldfreq,avgcommcost,avginstancost,avgLatenCost,avgruncost,avgcost
13778,64423,272346,0.213868,0.0781413,8.58776,8.6659,0.257084,8.93031
2023-06-05 12:27:45
timeslot,id,type,commCost,runCost,InstanCost,iscold,singleCost
Topo name ,config/site-optus-melbCBD.csv
Request file ,config/sorted.csv
CommCostPara,1
MemCap,10000
NodeNum,10
Beta,0.5
SlotNum,30
ReduFactor,10
Alpha,0.005
cpuFreq,3
coldNum,servedNum,totalNum,coldfreq,avgcommcost,avginstancost,avgLatenCost,avgruncost,avgcost
13605,61187,272346,0.222351,0.0825588,8.93474,9.0173,1.30342,10.3135
2023-06-05 12:29:59
timeslot,id,type,commCost,runCost,InstanCost,iscold,singleCost
Topo name ,config/site-optus-melbCBD.csv
Request file ,config/sorted.csv
CommCostPara,1
MemCap,10000
NodeNum,10
Beta,0.5
SlotNum,30
ReduFactor,10
Alpha,0.01
cpuFreq,3
coldNum,servedNum,totalNum,coldfreq,avgcommcost,avginstancost,avgLatenCost,avgruncost,avgcost
13850,59122,272346,0.234261,0.0906091,9.32399,9.4146,2.63566,12.0395
2023-06-05 12:30:42
timeslot,id,type,commCost,runCost,InstanCost,iscold,singleCost
Topo name ,config/site-optus-melbCBD.csv
Request file ,config/sorted.csv
CommCostPara,1
MemCap,10000
NodeNum,10
Beta,0.5
SlotNum,30
ReduFactor,10
Alpha,0.015
cpuFreq,3
coldNum,servedNum,totalNum,coldfreq,avgcommcost,avginstancost,avgLatenCost,avgruncost,avgcost
13617,56709,272346,0.240121,0.0995074,9.58356,9.68306,4.08166,13.7796
